date,state,url,notes
2020-03-17,AC,https://agencia.ac.gov.br/governo-confirma-tres-casos-de-coronavirus-no-acre-e-anuncia-suspensao-das-aulas/,
2020-03-17,AC,https://agencia.ac.gov.br/boletim-sesacre-desta-terca-feira-17-sobre-o-coronavirus/,
2020-03-18,AC,https://agencia.ac.gov.br/boletim-sesacre-desta-quarta-feira-18-sobre-o-coronavirus/,
2020-03-19,AC,https://agencia.ac.gov.br/boletim-sesacre-desta-quinta-feira-19-sobre-o-coronavirus/,
2020-03-20,AC,https://agencia.ac.gov.br/boletim-sesacre-desta-sexta-feira-20-sobre-o-coronavirus/,usei este
2020-03-20,AC,https://agencia.ac.gov.br/comunicado-sobre-os-novos-casos-confirmados/,
2020-03-20,AC,https://agencia.ac.gov.br/boletim-sesacre-no-2-desta-sexta-feira-20-sobre-o-coronavirus/,
2020-03-21,AC,https://agencia.ac.gov.br/boletim-sesacre-deste-sabado-21-sobre-o-coronavirus/,
2020-03-22,AC,https://agencia.ac.gov.br/covid-19-acre-tem-media-de-dois-casos-por-dia-com-maioria-originaria-de-sp/,
2020-03-22,AC,https://agencia.ac.gov.br/boletim-sesacre-deste-domingo-22-sobre-o-coronavirus/,
2020-03-23,AC,https://agencia.ac.gov.br/boletim-sesacre-desta-segunda-feira-23-sobre-o-coronavirus/,
2020-03-24,AC,https://agencia.ac.gov.br/boletim-sesacre-desta-terca-feira-24-sobre-o-coronavirus/,
2020-03-25,AC,https://agencia.ac.gov.br/boletim-sesacre-desta-quarta-feira-25-sobre-o-coronavirus/,
2020-03-26,AC,https://agencia.ac.gov.br/boletim-sesacre-desta-quinta-feira-26-sobre-o-coronavirus/,
2020-03-27,AC,https://agencia.ac.gov.br/boletim-sesacre-desta-sexta-feira-27-sobre-o-coronavirus/,
2020-03-28,AC,https://agencia.ac.gov.br/boletim-sesacre-deste-sabado-28-sobre-o-coronavirus/,
2020-03-29,AC,https://agencia.ac.gov.br/boletim-sesacre-deste-domingo-29-sobre-o-coronavirus/,
2020-03-30,AC,https://agencia.ac.gov.br/boletim-sesacre-desta-segunda-feira-30-sobre-o-coronavirus/,
2020-03-12,SC,http://www.saude.sc.gov.br/index.php/noticias-geral/11118-ses-confirma-dois-casos-do-novo-coronavirus-em-sc,
2020-03-13,SC,http://www.saude.sc.gov.br/coronavirus/img/boletim-ncovid19-0314.jpg,sem detalhamento por cidade
2020-03-13,SC,https://sc.gov.br/noticias/temas/saude/governo-do-estado-confirma-terceiro-caso-de-coronavirus-em-santa-catarina,
2020-03-14,SC,http://www.saude.sc.gov.br/index.php/noticias-geral/11130-governo-do-estado-confirma-mais-dois-casos-do-novo-coronavirus-em-sc,
2020-03-15,SC,http://www.saude.sc.gov.br/coronavirus/sexto-caso-coronavirus.html,
2020-03-15,SC,http://www.saude.sc.gov.br/coronavirus/img/boletim-15_03_20.jpeg,sem detalhamento por cidade
2020-03-16,SC,http://www.saude.sc.gov.br/index.php/noticias-geral/11136-saude-estadual-confirma-setimo-caso-do-covid-19,
2020-03-17,SC,http://www.saude.sc.gov.br/coronavirus/img/boletim-17-03-20.jpeg,
2020-03-18,SC,http://www.saude.sc.gov.br/index.php/noticias-geral/11146-coronavirus-em-sc-governo-confirma-14-casos-e-transmissoes-comunitarias,
2020-03-19,SC,http://www.saude.sc.gov.br/coronavirus/coronavirus-em-sc-governo-do-estado-confirma-20-casos-da-doenca.html,
2020-03-19,SC,http://www.saude.sc.gov.br/index.php/noticias-geral/11150-coronavirus-em-sc-governo-do-estado-confirma-21-casos-da-doenca,
2020-03-20,SC,http://www.saude.sc.gov.br/index.php/noticias-geral/11152-coronavirus-em-sc-governo-do-estado-confirma-28-casos-do-covid-19,
2020-03-20,SC,http://www.saude.sc.gov.br/coronavirus/img/boletim_20_03_20.jpeg,
2020-03-20,SC,https://g1.globo.com/sc/santa-catarina/noticia/2020/03/20/santa-catarina-tem-40-casos-confirmados-de-coronavirus.ghtml,"No dia 20 à noite, a secretaria divulgou somente o numero total de casos confirmados, sem detalhamento das cidades. Desta forma foram utilizados os números por cidade divulgados na matéria do G1 neste dia"
2020-03-21,SC,http://www.saude.sc.gov.br/index.php/noticias-geral/11157-coronavirus-em-sc-numero-de-casos-confirmados-no-estado-aumenta-para-51,
2020-03-21,SC,http://www.saude.sc.gov.br/coronavirus/coronavirus-em-sc-governo-do-estado-confirma-57-casos-de-covid-19.html,
2020-03-22,SC,http://www.saude.sc.gov.br/coronavirus/coronavirus-em-sc-governo-do-estado-confirma-68-casos-de-covid-19.html,
2020-03-23,SC,https://www.sc.gov.br/noticias/temas/coronavirus/coronavirus-em-sc-governo-do-estado-confirma-86-casos-de-covid-19,
2020-03-24,SC,http://www.saude.sc.gov.br/coronavirus/coronavirus-109-casos-de-Covid-19.html,
2020-03-25,SC,http://www.saude.sc.gov.br/coronavirus/coronavirus-em-sc-numero-de-casos-confirmados-aumenta-para-122-no-estado.html,
2020-03-26,SC,http://www.saude.sc.gov.br/index.php/noticias-geral/11172-coronavirus-em-sc-governo-do-estado-confirma-primeira-morte-por-covid-19,
2020-03-26,SC,http://www.sc.gov.br/noticias/temas/coronavirus/coronavirus-em-sc-governo-do-estado-confirma-149-casos-e-uma-morte-por-covid-19,
2020-03-27,SC,http://www.sc.gov.br/noticias/temas/coronavirus/coronavirus-em-sc-governo-do-estado-confirma-163-casos-e-uma-morte-por-covid-19,
2020-03-28,SC,http://www.saude.sc.gov.br/index.php/noticias-geral/11179-coronavirus-em-sc-governo-do-estado-confirma-184-casos-de-covid-19,
2020-03-29,SC,http://www.saude.sc.gov.br/index.php/noticias-geral/11181-numero-de-casos-confirmados-de-covid-19-chega-a-197-no-estado,
2020-03-30,SC,http://www.sc.gov.br/noticias/temas/coronavirus/coronavirus-em-sc-governo-do-estado-confirma-219-casos-de-covid-19,
2020-03-30,SC,http://www.saude.sc.gov.br/index.php/noticias-geral/11184-governo-do-estado-confirma-segunda-morte-por-covid-19,
2020-01-30,RR,https://www.saude.rr.gov.br/index.php/informacoesx/coronavirus/informacoes-coronavirus/file/821-boletim-epidemiologico-coronavirus-001-2020?start=50,
2020-01-31,RR,https://www.saude.rr.gov.br/index.php/informacoesx/coronavirus/informacoes-coronavirus/file/822-boletim-epidemiologico-coronavirus-002-2020?start=50,
2020-02-01,RR,https://www.saude.rr.gov.br/index.php/informacoesx/coronavirus/informacoes-coronavirus/file/823-boletim-epidemiologico-coronavirus-003-2020?start=50,
2020-02-02,RR,https://www.saude.rr.gov.br/index.php/informacoesx/coronavirus/informacoes-coronavirus/file/824-boletim-epidemiologico-coronavirus-004-2020,
2020-02-03,RR,https://www.saude.rr.gov.br/index.php/informacoesx/coronavirus/informacoes-coronavirus/file/825-boletim-epidemiologico-coronavirus-005-2020,
2020-02-04,RR,https://www.saude.rr.gov.br/index.php/informacoesx/coronavirus/informacoes-coronavirus/file/826-boletim-epidemiologico-coronavirus-006-2020,
2020-02-05,RR,https://www.saude.rr.gov.br/index.php/informacoesx/coronavirus/informacoes-coronavirus/file/832-boletim-epidemiologico-coronavirus-007-2020,
2020-02-06,RR,https://www.saude.rr.gov.br/index.php/informacoesx/coronavirus/informacoes-coronavirus/file/835-boletim-epidemiologico-coronavirus-008-2020,
2020-02-07,RR,https://www.saude.rr.gov.br/index.php/informacoesx/coronavirus/informacoes-coronavirus/file/836-boletim-epidemiologico-coronavirus-009-2020,
2020-02-08,RR,https://www.saude.rr.gov.br/index.php/informacoesx/coronavirus/informacoes-coronavirus/file/837-boletim-epidemiologico-coronavirus-010-2020,
2020-02-09,RR,https://www.saude.rr.gov.br/index.php/informacoesx/coronavirus/informacoes-coronavirus/file/838-boletim-epidemiologico-coronavirus-011-2020,
2020-02-10,RR,https://www.saude.rr.gov.br/index.php/informacoesx/coronavirus/informacoes-coronavirus/file/845-boletim-epidemiologico-coronavirus-012-2020,
2020-02-11,RR,https://www.saude.rr.gov.br/index.php/informacoesx/coronavirus/informacoes-coronavirus/file/846-boletim-epidemiologico-coronavirus-013-2020,
2020-02-12,RR,https://www.saude.rr.gov.br/index.php/informacoesx/coronavirus/informacoes-coronavirus/file/858-boletim-epidemiologico-coronavirus-014-2020,
2020-02-13,RR,https://www.saude.rr.gov.br/index.php/informacoesx/coronavirus/informacoes-coronavirus/file/922-boletim-epidemiologico-coronavirus-015-2020,
2020-02-14,RR,https://www.saude.rr.gov.br/index.php/informacoesx/coronavirus/informacoes-coronavirus/file/926-boletim-epidemiologico-coronavirus-016-2020,
2020-02-15,RR,https://www.saude.rr.gov.br/index.php/informacoesx/coronavirus/informacoes-coronavirus/file/927-boletim-epidemiologico-coronavirus-017-2020,
2020-02-16,RR,https://www.saude.rr.gov.br/index.php/informacoesx/coronavirus/informacoes-coronavirus/file/928-boletim-epidemiologico-coronavirus-018-2020,
2020-02-17,RR,https://www.saude.rr.gov.br/index.php/informacoesx/coronavirus/informacoes-coronavirus/file/932-boletim-epidemiologico-coronavirus-019-2020,
2020-02-18,RR,https://www.saude.rr.gov.br/index.php/informacoesx/coronavirus/informacoes-coronavirus/file/933-boletim-epidemiologico-coronavirus-020-2020,
2020-02-19,RR,https://www.saude.rr.gov.br/index.php/informacoesx/coronavirus/informacoes-coronavirus/file/934-boletim-epidemiologico-coronavirus-021-2020,
2020-02-20,RR,https://www.saude.rr.gov.br/index.php/informacoesx/coronavirus/informacoes-coronavirus/file/942-boletim-epidemiologico-coronavirus-022-2020,
2020-02-21,RR,https://www.saude.rr.gov.br/index.php/informacoesx/coronavirus/informacoes-coronavirus/file/944-boletim-epidemiologico-coronavirus-023-2020,
2020-02-23,RR,https://www.saude.rr.gov.br/index.php/informacoesx/coronavirus/informacoes-coronavirus/file/945-boletim-epidemiologico-coronavirus-024-2020,
2020-02-24,RR,https://www.saude.rr.gov.br/index.php/informacoesx/coronavirus/informacoes-coronavirus/file/946-boletim-epidemiologico-coronavirus-025-2020,
2020-02-25,RR,https://www.saude.rr.gov.br/index.php/informacoesx/coronavirus/informacoes-coronavirus/file/947-boletim-epidemiologico-coronavirus-026-2020,
2020-02-26,RR,https://www.saude.rr.gov.br/index.php/informacoesx/coronavirus/informacoes-coronavirus/file/948-boletim-epidemiologico-coronavirus-027-2020,
2020-02-27,RR,https://www.saude.rr.gov.br/index.php/informacoesx/coronavirus/informacoes-coronavirus/file/949-boletim-epidemiologico-coronavirus-028-2020,
2020-02-28,RR,https://www.saude.rr.gov.br/index.php/informacoesx/coronavirus/informacoes-coronavirus/file/997-boletim-epidemiologico-coronavirus-029-2020,
2020-02-29,RR,https://www.saude.rr.gov.br/index.php/informacoesx/coronavirus/informacoes-coronavirus/file/1000-boletim-epidemiologico-coronavirus-030-2020,
2020-03-01,RR,https://www.saude.rr.gov.br/index.php/informacoesx/coronavirus/informacoes-coronavirus/file/1001-boletim-epidemiologico-coronavirus-031-2020,
2020-03-02,RR,https://www.saude.rr.gov.br/index.php/informacoesx/coronavirus/informacoes-coronavirus/file/1002-boletim-epidemiologico-coronavirus-032-2020,
2020-03-03,RR,https://www.saude.rr.gov.br/index.php/informacoesx/coronavirus/informacoes-coronavirus/file/1006-boletim-epidemiologico-coronavirus-033-2020,
2020-03-04,RR,https://www.saude.rr.gov.br/index.php/informacoesx/coronavirus/informacoes-coronavirus/file/1014-boletim-epidemiologico-coronavirus-035-2020,
2020-03-05,RR,https://www.saude.rr.gov.br/index.php/informacoesx/coronavirus/informacoes-coronavirus/file/1018-boletim-epidemiologico-coronavirus-036-2020,
2020-03-06,RR,https://www.saude.rr.gov.br/index.php/informacoesx/coronavirus/informacoes-coronavirus/file/1019-boletim-epidemiologico-coronavirus-037-2020,
2020-03-07,RR,https://www.saude.rr.gov.br/index.php/informacoesx/coronavirus/informacoes-coronavirus/file/1020-boletim-epidemiologico-coronavirus-038-2020,
2020-03-08,RR,https://www.saude.rr.gov.br/index.php/informacoesx/coronavirus/informacoes-coronavirus/file/1021-boletim-epidemiologico-coronavirus-039-2020,
2020-03-09,RR,https://www.saude.rr.gov.br/index.php/informacoesx/coronavirus/informacoes-coronavirus/file/1023-boletim-epidemiologico-coronavirus-040-2020,
2020-03-10,RR,https://www.saude.rr.gov.br/index.php/informacoesx/coronavirus/informacoes-coronavirus/file/1026-boletim-epidemiologico-coronavirus-041-2020,
2020-03-11,RR,https://www.saude.rr.gov.br/index.php/informacoesx/coronavirus/informacoes-coronavirus/file/1028-boletim-epidemiologico-coronavirus-042-2020,
2020-03-12,RR,https://www.saude.rr.gov.br/index.php/informacoesx/coronavirus/informacoes-coronavirus/file/1031-boletim-epidemiologico-coronavirus-043-2020,
2020-03-13,RR,https://www.saude.rr.gov.br/index.php/informacoesx/coronavirus/informacoes-coronavirus/file/1032-boletim-epidemiologico-coronavirus-044-2020,
2020-03-14,RR,https://www.saude.rr.gov.br/index.php/informacoesx/coronavirus/informacoes-coronavirus/file/1033-boletim-epidemiologico-coronavirus-045-2020,
2020-03-15,RR,https://www.saude.rr.gov.br/index.php/informacoesx/coronavirus/informacoes-coronavirus/file/1034-boletim-epidemiologico-coronavirus-046-2020,
2020-03-16,RR,https://www.saude.rr.gov.br/index.php/informacoesx/coronavirus/informacoes-coronavirus/file/1035-boletim-epidemiologico-coronavirus-047-2020,
2020-03-17,RR,https://www.saude.rr.gov.br/index.php/informacoesx/coronavirus/informacoes-coronavirus/file/1038-boletim-epidemiologico-coronavirus-048-2020,
2020-03-18,RR,https://www.saude.rr.gov.br/index.php/informacoesx/coronavirus/informacoes-coronavirus/file/1039-boletim-epidemiologico-coronavirus-049-2020,
2020-03-19,RR,https://www.saude.rr.gov.br/index.php/informacoesx/coronavirus/informacoes-coronavirus/file/1042-boletim-epidemiologico-coronavirus-050-2020,
2020-03-20,RR,https://www.saude.rr.gov.br/index.php/informacoesx/coronavirus/informacoes-coronavirus/file/1044-boletim-epidemiologico-coronavirus-051-2020,
2020-03-21,RR,https://www.saude.rr.gov.br/index.php/informacoesx/coronavirus/informacoes-coronavirus/file/1045-boletim-epidemiologico-coronavirus-052-2020,
2020-03-22,RR,https://www.saude.rr.gov.br/index.php/informacoesx/coronavirus/informacoes-coronavirus/file/1046-boletim-epidemiologico-coronavirus-053-2020,
2020-03-23,RR,https://www.saude.rr.gov.br/index.php/informacoesx/coronavirus/informacoes-coronavirus/file/1047-boletim-epidemiologico-coronavirus-054-2020,
2020-03-24,RR,https://www.saude.rr.gov.br/index.php/informacoesx/coronavirus/informacoes-coronavirus/file/1052-boletim-epidemiologico-coronavirus-055-2020,
2020-03-25,RR,https://www.saude.rr.gov.br/index.php/informacoesx/coronavirus/informacoes-coronavirus/file/1054-boletim-epidemiologico-coronavirus-056-2020,
2020-03-26,RR,https://www.saude.rr.gov.br/index.php/informacoesx/coronavirus/informacoes-coronavirus/file/1055-boletim-epidemiologico-coronavirus-057-2020,
2020-03-27,RR,https://www.saude.rr.gov.br/index.php/informacoesx/coronavirus/informacoes-coronavirus/file/1063-boletim-epidemiologico-coronavirus-058-2020,
2020-03-28,RR,https://roraimacontraocorona.rr.gov.br/winner/mapa.xhtml,
2020-03-29,RR,https://www.saude.rr.gov.br/index.php/informacoesx/coronavirus/informacoes-coronavirus/file/1065-boletim-epidemiologico-coronavirus-060-2020,
2020-03-30,RR,https://roraimacontraocorona.rr.gov.br/winner/mapa.xhtml,
2020-03-14,RO,http://www.rondonia.ro.gov.br/boletim-diario-sobre-notificacoes-do-coronavirus-em-rondonia/,
2020-03-15,RO,http://www.rondonia.ro.gov.br/ii-boletim-diario-sobre-notificacoes-do-coronavirus-em-rondonia/,
2020-03-16,RO,http://www.rondonia.ro.gov.br/iii-boletim-diario-sobre-notificacoes-do-coronavirus-em-rondonia/,
2020-03-17,RO,http://www.rondonia.ro.gov.br/boletim-diario-sobre-notificacoes-do-coronavirus-em-rondonia-2/,
2020-03-18,RO,http://www.rondonia.ro.gov.br/edicao-5-boletim-diario-sobre-coronavirus-em-rondonia/,
2020-03-20,RO,http://www.rondonia.ro.gov.br/edicao-8-boletim-diario-sobre-coronavirus-em-rondonia/,
2020-03-21,RO,http://www.rondonia.ro.gov.br/edicao-9-boletim-diario-sobre-coronavirus-em-rondonia/,
2020-03-22,RO,http://www.rondonia.ro.gov.br/edicao-10-boletim-diario-sobre-coronavirus-em-rondonia/,
2020-03-24,RO,http://www.rondonia.ro.gov.br/ministerio-da-saude-muda-plataforma-de-informacoes-e-altera-rotina-de-envio-de-dados-sobre-coronavirus-em-rondonia/,
2020-03-24,RO,http://www.rondonia.ro.gov.br/sesau-divulga-dois-novos-casos-de-covid-19-em-rondonia/,
2020-03-25,RO,http://www.rondonia.ro.gov.br/edicao-11-boletim-diario-sobre-coronavirus-em-rondonia/,
2020-03-26,RO,http://www.rondonia.ro.gov.br/edicao-12-boletim-diario-sobre-coronavirus-em-rondonia/,
2020-03-27,RO,http://www.rondonia.ro.gov.br/edicao-13-boletim-diario-sobre-coronavirus-em-rondonia/,
2020-03-28,RO,http://www.rondonia.ro.gov.br/edicao-14-boletim-diario-sobre-coronavirus-em-rondonia/,
2020-03-29,RO,http://www.rondonia.ro.gov.br/edicao-15-boletim-diario-sobre-coronavirus-em-rondonia/,
2020-03-30,RO,http://www.rondonia.ro.gov.br/edicao-16-boletim-diario-sobre-coronavirus-em-rondonia/,"Nesta edição do boletim, a secretaria passo a não identificar os casos e nem os óbitos por município. Justificam que é devido a intregração do sistema. A informação foi divulgada em coletiva de impresa (https://www.rondoniagora.com/geral/governo-confirma-morte-de-idosa-por-coronavirus-em-rondonia). Ainda que de forma confusa, tudo indica que o óbito ocorreu em Porto Velho e o mesmo também virou um novo caso, já que estavam esperando pelo resultado do teste. O outro caso ocorreu em Jaru"
2020-02-27,RS,https://saude.rs.gov.br/upload/arquivos/202002/27193954-informe-epidemiologico-rs-2019-ncov-27-02-2020.pdf,
2020-03-02,RS,https://saude.rs.gov.br/upload/arquivos/202003/03104226-informe-epidemiologico-rs-2019-ncov-02-03-2020-2.pdf,
2020-03-03,RS,https://saude.rs.gov.br/upload/arquivos/202003/03225612-informe-epidemiologico-rs-2019-ncov-03-03-2020.pdf,
2020-03-04,RS,https://saude.rs.gov.br/upload/arquivos/202003/04172316-informe-epidemiologico-rs-2019-ncov-04-03-2020.pdf,
2020-03-05,RS,https://saude-admin.rs.gov.br/upload/arquivos/202003/05162837-informe-epidemiologico-rs-2019-ncov-05-03-2020.pdf,
2020-03-09,RS,https://saude-admin.rs.gov.br/upload/arquivos/202003/09182605-informe-epidemiologico-rs-2019-ncov-09-03-2020.pdf,
2020-03-10,RS,https://saude.rs.gov.br/upload/arquivos/202003/10165428-informe-epidemiologico-rs-2019-ncov-10-03-2020.pdf,
2020-03-11,RS,https://saude.rs.gov.br/upload/arquivos/202003/11185859-informe-epidemiologico-rs-2019-ncov-11-03-2020.pdf,
2020-03-12,RS,https://saude.rs.gov.br/upload/arquivos/202003/12171359-informe-epidemiologico-rs-2019-ncov-12-03-2020.pdf,
2020-03-13,RS,https://saude.rs.gov.br/upload/arquivos/202003/13180958-informe-epidemiologico-rs-2019-ncov-13-03-2020.pdf,
2020-03-16,RS,https://saude.rs.gov.br/upload/arquivos/202003/16185550-informe-epidemiologico-rs-2019-ncov-16-03-2020.pdf,
2020-03-18,RS,https://estado.rs.gov.br/upload/arquivos//informe-epidemiologico-rs-2019-ncov-18-03-2020.pdf,
2020-03-18,RS,https://estado.rs.gov.br/nove-casos-a-mais-de-coronavirus-sao-registrados-no-estado-nesta-quarta-feira-dia-18,
2020-03-19,RS,https://saude.rs.gov.br/upload/arquivos/202003/20081553-informe-epidemiologico-rs-2019-ncov-19-03-2020.pdf,
2020-03-19,RS,https://estado.rs.gov.br/mais-nove-casos-de-coronavirus-nesta-quinta-dia-19-elevam-para-37-o-total-no-estado,
2020-03-20,RS,https://saude.rs.gov.br/upload/arquivos/202003/20205403-informe-epidemiologico-rs-2019-ncov-20-03-2020.pdf,
2020-03-21,RS,https://saude.rs.gov.br/upload/arquivos/202003/21214556-informe-epidemiologico-rs-2019-ncov-21-03-2020.pdf,
2020-03-22,RS,https://saude.rs.gov.br/upload/arquivos/202003/23081629-informe-epidemiologico-rs-2019-ncov-22-03-2020.pdf,
2020-03-23,RS,https://saude.rs.gov.br/upload/arquivos/202003/23180128-informe-epidemiologico-rs-2019-ncov-23-03-2020.pdf,
2020-03-24,RS,https://saude.rs.gov.br/upload/arquivos/202003/24180419-informe-epidemiologico-rs-2019-ncov-24-03-2020.pdf,
2020-03-25,RS,https://saude-admin.rs.gov.br/upload/arquivos/202003/25182055-informe-epidemiologico-rs-2019-ncov-25-03-2020.pdf,
2020-03-26,RS,https://saude-admin.rs.gov.br/upload/arquivos/202003/26180251-informe-epidemiologico-rs-2019-ncov-26-03-2020.pdf,
2020-03-27,RS,http://ti.saude.rs.gov.br/covid19/,Portal tem informação de atualização às 18:31
2020-03-28,RS,http://ti.saude.rs.gov.br/covid19/,
2020-03-29,RS,http://ti.saude.rs.gov.br/covid19/,Portal tem informação de atualização às 11:28 e 19:20
2020-03-30,RS,http://ti.saude.rs.gov.br/covid19/,
2020-03-14,SE,https://www.saude.se.gov.br/?p=39206,
2020-03-16,SE,https://www.saude.se.gov.br/?p=39252,
2020-03-18,SE,https://www.saude.se.gov.br/?p=39298,
2020-03-20,SE,https://www.saude.se.gov.br/?p=39368,
2020-03-21,SE,https://www.saude.se.gov.br/?p=39380,
2020-03-24,SE,https://www.saude.se.gov.br/?p=39418,
2020-03-25,SE,https://www.saude.se.gov.br/?p=39482,
2020-03-27,SE,https://www.saude.se.gov.br/?p=39526,
2020-03-30,SE,https://www.saude.se.gov.br/?p=39588,
2020-02-28,PR,http://www.saude.pr.gov.br/arquivos/File/CORONA_28022020.pdf,
2020-03-01,PR,http://www.saude.pr.gov.br/arquivos/File/CORONA_01032020__1.pdf,
2020-03-02,PR,http://www.saude.pr.gov.br/arquivos/File/CORONA_02032020__2.pdf,
2020-03-03,PR,http://www.saude.pr.gov.br/arquivos/File/CORONA_03032020.pdf,
2020-03-04,PR,http://www.saude.pr.gov.br/arquivos/File/CORONA_04032020.pdf,
2020-03-05,PR,http://www.saude.pr.gov.br/arquivos/File/CORONA_05032020.pdf,
2020-03-06,PR,http://www.saude.pr.gov.br/arquivos/File/CORONA_06032020.pdf,
2020-03-09,PR,http://www.saude.pr.gov.br/arquivos/File/CORONA_09032020_2.pdf,
2020-03-10,PR,http://www.saude.pr.gov.br/arquivos/File/CORONA_10032020.pdf,
2020-03-11,PR,http://www.saude.pr.gov.br/arquivos/File/CORONA_11032020.pdf,
2020-03-12,PR,http://www.saude.pr.gov.br/arquivos/File/CORONA_12032020.pdf,
2020-03-13,PR,http://www.saude.pr.gov.br/arquivos/File/CORONA_13032020.pdf,
2020-03-16,PR,http://www.saude.pr.gov.br/arquivos/File/CORONA_16032020.pdf,
2020-03-17,PR,http://www.saude.pr.gov.br/arquivos/File/CORONA_17032020.pdf,
2020-03-18,PR,http://www.saude.pr.gov.br/arquivos/File/CORONA_18032020.pdf,
2020-03-19,PR,http://www.saude.pr.gov.br/arquivos/File/CORONA_19032020.pdf,
2020-03-20,PR,http://www.saude.pr.gov.br/arquivos/File/CORONA_20032020.pdf,
2020-03-21,PR,http://www.saude.pr.gov.br/arquivos/File/CORONA_21032020.pdf,
2020-03-22,PR,http://www.saude.pr.gov.br/arquivos/File/CORONA_22032020.pdf,
2020-03-23,PR,http://www.saude.pr.gov.br/arquivos/File/CORONA_23032020.pdf,
2020-03-24,PR,http://www.saude.pr.gov.br/arquivos/File/CORONA_24032020.pdf,
2020-03-25,PR,http://www.saude.pr.gov.br/arquivos/File/CORONA_25032020.pdf,
2020-03-26,PR,http://www.saude.pr.gov.br/arquivos/File/CORONA26032020.pdf,
2020-03-27,PR,http://www.saude.pr.gov.br/arquivos/File/CORONA_27032020.pdf,
2020-03-28,PR,http://www.saude.pr.gov.br/arquivos/File/CORONA_28032020.pdf,Redução de confirmados em Colombo: http://portal.colombo.pr.gov.br/covid-19-colombo-tem-zero-casos-confirmados-os-2-positivos-sao-de-outros-municipios/
2020-03-29,PR,http://www.saude.pr.gov.br/arquivos/File/CORONA_29032020.pdf,
2020-03-30,PR,http://www.saude.pr.gov.br/arquivos/File/CORONA_30032020.pdf,
2020-03-18,TO,https://saude.to.gov.br/noticia/2020/3/18/boletim-de-acompanhamento--covid-19--1803/,
2020-03-19,TO,https://saude.to.gov.br/noticia/2020/3/19/boletim-de-acompanhamento--sesto--covid-19--1903/,
2020-03-20,TO,https://saude.to.gov.br/noticia/2020/3/20/boletim-de-acompanhamento--sesto--covid-19--2003/,
2020-03-22,TO,https://saude.to.gov.br/noticia/2020/3/22/boletim-de-acompanhamento--sesto--covid-19--2203/,
2020-03-23,TO,https://saude.to.gov.br/noticia/2020/3/23/boletim-de-acompanhamento--sesto--covid-19--2303/,
2020-03-24,TO,https://saude.to.gov.br/noticia/2020/3/24/boletim-de-acompanhamento--sesto--covid-19--2403/,
2020-03-25,TO,https://saude.to.gov.br/noticia/2020/3/25/boletim-de-acompanhamento--sesto--covid-19--2503/,
2020-03-26,TO,https://saude.to.gov.br/noticia/2020/3/26/boletim-de-acompanhamento--covid-19--2603/,
2020-03-27,TO,https://saude.to.gov.br/noticia/2020/3/27/boletim-de-acompanhamento--covid-19--2703/,
2020-03-28,TO,https://saude.to.gov.br/noticia/2020/3/28/boletim-de-acompanhamento--covid-19--2803/,
2020-03-29,TO,https://saude.to.gov.br/noticia/2020/3/29/boletim-de-acompanhamento--sesto--covid-19--2903/,
2020-03-30,TO,https://saude.to.gov.br/noticia/2020/3/30/boletim-de-acompanhamento--covid-19--3003/,
2020-03-12,RN,http://www.adcon.rn.gov.br/ACERVO/sesap/DOC/DOC000000000227061.PDF,
2020-03-13,RN,http://www.adcon.rn.gov.br/ACERVO/sesap/DOC/DOC000000000226852.PDF,
2020-03-16,RN,http://www.adcon.rn.gov.br/ACERVO/sesap/DOC/DOC000000000227051.PDF,
2020-03-18,RN,http://www.adcon.rn.gov.br/ACERVO/sesap/DOC/DOC000000000227236.PDF,
2020-03-19,RN,http://www.adcon.rn.gov.br/ACERVO/sesap/DOC/DOC000000000227393.PDF,nota explica problemas de divulgação
2020-03-20,RN,http://www.adcon.rn.gov.br/ACERVO/sesap/DOC/DOC000000000227504.PDF,
2020-03-20,RN,http://www.adcon.rn.gov.br/ACERVO/sesap/DOC/DOC000000000227515.PDF,este texto é quase impossível de decifrar
2020-03-21,RN,http://www.adcon.rn.gov.br/ACERVO/sesap/DOC/DOC000000000227546.PDF,
2020-03-22,RN,http://www.adcon.rn.gov.br/ACERVO/sesap/DOC/DOC000000000227572.PDF,
2020-03-22,RN,http://www.adcon.rn.gov.br/ACERVO/sesap/DOC/DOC000000000227600.PDF,
2020-03-22,RN,http://www.rn.gov.br/Conteudo.asp?TRAN=ITEM&TARG=227583&ACT=&PAGE=&PARM=&LBL=Boletins+Epidemiol%F3gicos,
2020-03-24,RN,http://www.adcon.rn.gov.br/ACERVO/sesap/DOC/DOC000000000227775.PDF,
2020-03-25,RN,http://www.adcon.rn.gov.br/ACERVO/sesap/DOC/DOC000000000227875.PDF,
2020-03-26,RN,http://www.adcon.rn.gov.br/ACERVO/sesap/DOC/DOC000000000227985.PDF,
2020-03-27,RN,http://www.adcon.rn.gov.br/ACERVO/sesap/DOC/DOC000000000228049.PDF,
2020-03-28,RN,http://www.adcon.rn.gov.br/ACERVO/sesap/DOC/DOC000000000228094.PDF,
2020-03-28,RN,http://www.adcon.rn.gov.br/ACERVO/sesap/DOC/DOC000000000228113.PDF,"Boletim divulgado no dia 29, mas com dados extraídos no dia 28"
2020-03-30,RN,http://www.adcon.rn.gov.br/ACERVO/sesap/DOC/DOC000000000228171.PDF,Boletim traz dados do dia 30
2020-03-05,RJ,https://www.saude.rj.gov.br/noticias/2020/03/primeiro-caso-do-novo-coronavirus-e-confirmado-no-estado-do-rio,
2020-03-06,RJ,https://www.saude.rj.gov.br/noticias/2020/03/ses-confirma-o-segundo-caso-do-novo-coronavirus-no-rio-de-janeiro,
2020-03-08,RJ,https://www.saude.rj.gov.br/noticias/2020/03/ses-confirma-o-terceiro-caso-do-novo-coronavirus-no-estado,
2020-03-12,RJ,https://www.saude.rj.gov.br/noticias/2020/03/ses-confirma-caso-de-transmissao-local-de-coronavirus,
2020-03-13,RJ,https://www.saude.rj.gov.br/noticias/2020/03/boletim-coronavirus-1303-19-casos-confirmados-e-228-suspeitos-no-rj,
2020-03-15,RJ,https://coronavirus.rj.gov.br/boletim/boletim-coronavirus-15-03-24-casos-confirmados-e-95-suspeitos-no-rj/,
2020-03-16,RJ,https://www.saude.rj.gov.br/noticias/2020/03/coronavirus-ses-confirma-o-25-caso-e-paciente-esta-em-estado-gravissimo,
2020-03-18,RJ,https://coronavirus.rj.gov.br/boletim/boletim-coronavirus-18-03-atualizado-63-casos-confirmados-no-rj/,
2020-03-19,RJ,https://coronavirus.rj.gov.br/boletim/boletim-coronavirus-19-03-66-casos-confirmados-no-rj/,
2020-03-21,RJ,https://www.saude.rj.gov.br/noticias/2020/03/boletim-coronavirus-2003-109-casos-confirmados-no-rj,
2020-03-22,RJ,https://www.saude.rj.gov.br/noticias/2020/03/boletim-coronavirus-2203-3-obitos-186-casos-confirmados-e-10-mortes-em-investigacao-no-rj,
2020-03-23,RJ,https://coronavirus.rj.gov.br/boletim/boletim-coronavirus-23-03-4-obitos-e-233-casos-confirmados-no-rio/,
2020-03-24,RJ,https://coronavirus.rj.gov.br/boletim/boletim-coronavirus-24-03-6-obitos-e-305-casos-confirmados-no-rj/,
2020-03-25,RJ,https://coronavirus.rj.gov.br/boletim/boletim-coronavirus-25-03-8-obitos-e-370-casos-confirmados-no-rj/,
2020-03-26,RJ,https://coronavirus.rj.gov.br/boletim/boletim-coronavirus-26-03-9-obitos-e-421-casos-confirmados-no-rj/,
2020-03-27,RJ,https://coronavirus.rj.gov.br/boletim/boletim-coronavirus-27-03-10-obitos-e-493-casos-confirmados-no-rj/,
2020-03-28,RJ,https://coronavirus.rj.gov.br/boletim/boletim-coronavirus-28-03-13-obitos-e-558-casos-confirmados-no-rj/,
2020-03-29,RJ,https://coronavirus.rj.gov.br/boletim/boletim-coronavirus-29-03-17-obitos-e-600-casos-confirmados-no-rj/,
2020-03-30,RJ,https://coronavirus.rj.gov.br/boletim/boletim-coronavirus-30-03-18-obitos-e-657-casos-confirmados-no-rj/,
2020-02-27,PA,http://www.saude.pa.gov.br/2020/03/27/sespa-confirma-mais-dois-casos-positivos-para-covid-19/,
2020-02-28,PA,http://www.saude.pa.gov.br/2020/02/28/nota-de-informativa-coronavirus/,
2020-03-01,PA,http://www.saude.pa.gov.br/2020/03/01/nota-informativa-coronavirus/,
2020-03-02,PA,http://www.saude.pa.gov.br/2020/03/02/nota-informativa-coronavirus-2/,
2020-03-03,PA,http://www.saude.pa.gov.br/2020/03/03/nota-informativa-coronavirus-3/,
2020-03-04,PA,http://www.saude.pa.gov.br/2020/03/04/nota-informativa-coronavirus-4/,
2020-03-05,PA,http://www.saude.pa.gov.br/2020/03/05/nota-informativa-coronavirus-5/,
2020-03-06,PA,http://www.saude.pa.gov.br/2020/03/06/nota-informativa-coronavirus-6/,
2020-03-07,PA,http://www.saude.pa.gov.br/2020/03/07/nota-informativa-coronavirus-7/,
2020-03-08,PA,http://www.saude.pa.gov.br/2020/03/08/nota-informativa-coronavirus-8/,
2020-03-09,PA,http://www.saude.pa.gov.br/2020/03/09/nota-informativa-coronavirus-9/,
2020-03-10,PA,http://www.saude.pa.gov.br/2020/03/10/nota-informativa-coronavirus-10/,
2020-03-11,PA,http://www.saude.pa.gov.br/2020/03/11/nota-informativa-coronavirus-11/,
2020-03-12,PA,http://www.saude.pa.gov.br/2020/03/12/nota-informativa-coronavirus-12/,
2020-03-13,PA,http://www.saude.pa.gov.br/2020/03/13/nota-informativa-coronavirus-13/,
2020-03-14,PA,http://www.saude.pa.gov.br/2020/03/14/nota-informativa-coronavirus-14/,
2020-03-15,PA,http://www.saude.pa.gov.br/2020/03/15/nota-informativa-coronavirus-15/,
2020-03-16,PA,http://www.saude.pa.gov.br/2020/03/16/nota-informativa-coronavirus-16/,
2020-03-17,PA,http://www.saude.pa.gov.br/2020/03/17/nota-informativa-coronavirus-17/,
2020-03-18,PA,http://www.saude.pa.gov.br/2020/03/18/boletim-informativo-coronavirus/,
2020-03-19,PA,http://www.saude.pa.gov.br/2020/03/19/boletim-informativo-coronavirus-2/,
2020-03-20,PA,http://www.saude.pa.gov.br/2020/03/20/boletim-informativo-coronavirus-3/,
2020-03-21,PA,http://www.saude.pa.gov.br/2020/03/21/nota-informativa-coronavirus-18/,
2020-03-22,PA,http://www.saude.pa.gov.br/2020/03/22/nota-informativa-coronavirus-19/,
2020-03-23,PA,http://www.saude.pa.gov.br/2020/03/23/nota-informativa-coronavirus-20/,
2020-03-24,PA,http://www.saude.pa.gov.br/2020/03/24/nota-informativa-coronavirus-23/,
2020-03-25,PA,http://www.saude.pa.gov.br/2020/03/25/nota-informativa-coronavirus-24/,
2020-03-26,PA,http://www.saude.pa.gov.br/2020/03/26/nota-informativa-coronavirus-25/,
2020-03-27,PA,http://www.saude.pa.gov.br/2020/03/27/nota-informativa-coronavirus-27/,
2020-03-27,PA,http://www.saude.pa.gov.br/2020/03/27/sespa-confirma-mais-dois-casos-positivos-para-covid-19/,
2020-03-27,PA,http://www.saude.pa.gov.br/2020/03/27/nota-informativa-coronavirus-28/,Entre as duas publicação do dia foi publicada uma nota no Twitter (https://twitter.com/SespaPara/status/1243637715905716229) falando sobre o local do caso adicional
2020-03-28,PA,https://twitter.com/SespaPara/status/1243876609322618880,9h - Um caso em parauapebas
2020-03-28,PA,https://twitter.com/SespaPara/status/1243981567577505792,16:21 - Um caso em Belém
2020-03-29,PA,https://twitter.com/SespaPara/status/1244278776554557441,
2020-03-29,PA,https://twitter.com/SespaPara/status/1244347864093986816,"Novo caso, 16h37"
2020-03-29,PA,https://twitter.com/SespaPara/status/1244367593718325248,Casos por município
2020-03-29,PA,https://twitter.com/SespaPara/status/1244391135654617088,"Mais um caso, 19:30"
2020-03-30,PA,https://twitter.com/SespaPara/status/1244633671845457923,Município do caso: https://twitter.com/SespaPara/status/1244630972349513728
2020-03-18,PI,http://www.saude.pi.gov.br/noticias/2020-03-18/9596/evangelina-rosa-se-prepara-para-possiveis-caso-de-covid-19-e-toma-medidas-de-prevencao.html,zero casos no dia 18
2020-03-19,PI,https://www.youtube.com/watch?time_continue=2&v=y0PcDyPxx48&feature=emb_logo,3 casos no dia 19
2020-03-20,PI,http://www.saude.pi.gov.br/noticias/2020-03-20/9604/numero-de-casos-confirmados-do-covid-19-no-piaui-sobem-para-quatro.html,4 casos no dia 20
2020-03-21,PI,http://portal.saude.pi.gov.br/2020/inf_saude/epidemiologia/covid-19/mapa/result_covid-19.asp,https://cidadeverde.com/coronavirus/104623/sobe-para-129-casos-suspeitos-de-covid-19-no-piaui-56-sao-mulheres
2020-03-22,PI,http://portal.saude.pi.gov.br/2020/inf_saude/epidemiologia/covid-19/mapa/result_covid-19.asp,https://g1.globo.com/pi/piaui/noticia/2020/03/22/sobe-para-6-o-numero-de-casos-confirmados-de-coronavirus-no-piaui-suspeitos-sao-117.ghtml
2020-03-24,PI,http://portal.saude.pi.gov.br/2020/inf_saude/epidemiologia/covid-19/mapa/result_covid-19.asp,http://portal.saude.pi.gov.br/2020/inf_saude/epidemiologia/covid-19/mapa/mapa_covid-19.asp
2020-03-25,PI,http://portal.saude.pi.gov.br/2020/inf_saude/epidemiologia/covid-19/mapa/result_covid-19.asp,http://portal.saude.pi.gov.br/2020/inf_saude/epidemiologia/covid-19/mapa/mapa_covid-19.asp
2020-03-26,PI,http://portal.saude.pi.gov.br/2020/inf_saude/epidemiologia/covid-19/mapa/result_covid-19.asp,
2020-03-27,PI,http://portal.saude.pi.gov.br/2020/inf_saude/epidemiologia/covid-19/mapa/result_covid-19.asp,"http://portal.saude.pi.gov.br/2020/inf_saude/epidemiologia/covid-19/mapa/mapa_covid-19.asp,http://www.saude.pi.gov.br/noticias/2020-03-28/9631/governo-intensifica-monitoramento-de-municipios-com-casos-confirmados-de-covid-19.html"
2020-03-28,PI,http://portal.saude.pi.gov.br/2020/inf_saude/epidemiologia/covid-19/mapa/mapa_covid-19.asp,"http://portal.saude.pi.gov.br/2020/inf_saude/epidemiologia/covid-19/mapa/mapa_covid-19.asp, https://www.google.com/amp/s/g1.globo.com/google/amp/pi/piaui/noticia/2020/03/28/piaui-registra-primeira-morte-pelo-novo-coronavirus-diz-sesapi.ghtml"
2020-03-30,PI,http://portal.saude.pi.gov.br/2020/inf_saude/epidemiologia/covid-19/boletim/EpidemiologicoCievsCovid-19.pdf,
2020-02-26,SP,http://saude.sp.gov.br/ses/perfil/cidadao/homepage/destaques/governo-de-sp-cria-centro-de-contingencia-do-coronavirus,
2020-02-27,SP,http://saude.sp.gov.br/ses/perfil/cidadao/homepage/destaques/sp-registra-85-casos-suspeitos-de-coronavirus,
2020-02-28,SP,http://www.saopaulo.sp.gov.br/spnoticias/sp-registra-66-casos-suspeitos-de-coronavirus/,
2020-02-29,SP,http://www.saopaulo.sp.gov.br/ultimas-noticias/brasil-confirma-2o-caso-importado-de-coronavirus/,
2020-03-01,SP,http://saude.sp.gov.br/ses/perfil/cidadao/homepage/destaques/sp-registra-136-casos-suspeitos-de-coronavirus,
2020-03-02,SP,http://saude.sp.gov.br/ses/perfil/cidadao/homepage/destaques/sp-registra-163-casos-suspeitos-de-coronavirus,
2020-03-03,SP,http://saude.sp.gov.br/ses/perfil/cidadao/homepage/destaques/sp-registra-130-casos-suspeitos-de-coronavirus,
2020-03-04,SP,http://saude.sp.gov.br/ses/perfil/cidadao/homepage/destaques/sp-registra-3-casos-confirmados-para-coronavirus-na-capital,
2020-03-05,SP,http://saude.sp.gov.br/ses/perfil/cidadao/homepage/destaques/sp-registra-6-casos-confirmados-para-coronavirus-na-capital,
2020-03-06,SP,http://www.saopaulo.sp.gov.br/spnoticias/sp-registra-10-casos-confirmados-para-coronavirus-na-capital/,
2020-03-07,SP,http://www.saopaulo.sp.gov.br/spnoticias/sp-registra-13-casos-confirmados-para-coronavirus/,
2020-03-08,SP,http://www.saopaulo.sp.gov.br/spnoticias/sp-registra-16-casos-confirmados-para-coronavirus/,
2020-03-09,SP,http://www.saopaulo.sp.gov.br/spnoticias/sao-paulo-mantem-16-casos-confirmados-para-coronavirus/,
2020-03-10,SP,http://www.saopaulo.sp.gov.br/spnoticias/sp-registra-19-casos-confirmados-para-coronavirus/,
2020-03-11,SP,http://saude.sp.gov.br/ses/perfil/cidadao/homepage/destaques/sp-registra-30-casos-confirmados-para-coronavirus,
2020-03-12,SP,http://www.saopaulo.sp.gov.br/sala-de-imprensa/release/sp-ira-ampliar-enfrentamento-ao-coronavirus-com-mil-novos-leitos-de-uti/,
2020-03-14,SP,http://www.saopaulo.sp.gov.br/spnoticias/sao-paulo-registra-65-casos-confirmados-para-coronavirus/,
2020-03-16,SP,http://www.saude.sp.gov.br/ses/perfil/cidadao/homepage/destaques/sp-registra-152-casos-confirmados-para-coronavirus,
2020-03-17,SP,http://www.saopaulo.sp.gov.br/spnoticias/capital-registra-primeiro-obito-relacionado-a-covid-19/,
2020-03-18,SP,http://www.saopaulo.sp.gov.br/spnoticias/estado-de-sp-registra-mais-3-mortes-por-coronavirus/,
2020-03-19,SP,http://www.saopaulo.sp.gov.br/spnoticias/capital-registra-5-mortes-relacionadas-ao-novo-coronavirus/,
2020-03-20,SP,http://www.saude.sp.gov.br/resources/cve-centro-de-vigilancia-epidemiologica/areas-de-vigilancia/doencas-de-transmissao-respiratoria/coronavirus/coronavirus2003_27situacao_epidemiologica.pdf,
2020-03-21,SP,https://www.saopaulo.sp.gov.br/ultimas-noticias/ao-vivo-governo-de-sp-anuncia-novas-medidas-para-combate-ao-coronavirus-no-estado/,
2020-03-22,SP,https://www.saopaulo.sp.gov.br/spnoticias/estado-de-sao-paulo-registra-22-obitos-relacionados-a-covid-19/,
2020-03-23,SP,http://www.saude.sp.gov.br/resources/cve-centro-de-vigilancia-epidemiologica/areas-de-vigilancia/doencas-de-transmissao-respiratoria/coronavirus/coronavirus2303_28situacao_epidemiologica.pdf,
2020-03-24,SP,http://www.portaldenoticias.saude.sp.gov.br/sp-registra-40-obitos-relacionados-a-covid-19/,
2020-03-25,SP,http://www.saude.sp.gov.br/resources/cve-centro-de-vigilancia-epidemiologica/areas-de-vigilancia/doencas-de-transmissao-respiratoria/coronavirus/coronavirus2503_30situacao_epidemiologica.pdf,e-mail recebido pelo Turicas
2020-03-26,SP,http://www.saude.sp.gov.br/resources/cve-centro-de-vigilancia-epidemiologica/areas-de-vigilancia/doencas-de-transmissao-respiratoria/coronavirus/coronavirus2603_31situacao_epidemiologica.pdf,A secretaria respondeu que faltou mesmo Ferraz de Vasconcelos
2020-03-27,SP,http://www.saude.sp.gov.br/resources/cve-centro-de-vigilancia-epidemiologica/areas-de-vigilancia/doencas-de-transmissao-respiratoria/coronavirus/coronavirus2703_32situacao_epidemiologica.pdf,"A secretaria respondeu o seguinte, quanto a números inconsistentes: É possível que tenha havido ajuste de endereço. É comum. As pessoas as vezes colocam dado de um parente... depois verificam e descobrem que moram em outro município"
2020-03-28,SP,https://www.seade.gov.br/coronavirus/,Somente números totais do estado foram fornecidos
2020-03-29,SP,https://www.seade.gov.br/coronavirus/,Somente números totais do estado foram fornecidos
2020-03-30,SP,http://www.saude.sp.gov.br/resources/cve-centro-de-vigilancia-epidemiologica/areas-de-vigilancia/doencas-de-transmissao-respiratoria/coronavirus/coronavirus300320_33situacao_epidemiologica.pdf,
2020-02-27,PE,http://www.pe.gov.br/b/21987,
2020-02-28,PE,http://www.pe.gov.br/b/22005,
2020-02-28,PE,http://portal.saude.pe.gov.br/noticias/secretaria-executiva-de-vigilancia-em-saude/ses-pe-descarta-5-casos-de-covid-19,
2020-03-02,PE,http://www.pe.gov.br/b/22018,
2020-03-03,PE,http://www.pe.gov.br/b/22023,
2020-03-04,PE,http://www.pe.gov.br/b/22034,
2020-03-05,PE,http://www.pe.gov.br/b/22052,
2020-03-09,PE,http://www.pe.gov.br/b/22054,
2020-03-09,PE,http://www.pe.gov.br/b/22062,
2020-03-11,PE,http://www.pe.gov.br/b/22074,
2020-03-12,PE,http://www.pe.gov.br/b/22094,
2020-03-16,PE,http://www.pe.gov.br/b/22117,"Não há boletins divulgados para os dias 13, 14 e 15."
2020-03-17,PE,http://www.pe.gov.br/b/22126,
2020-03-18,PE,http://www.pe.gov.br/b/22138,"No dia 17, a SES reportou 2 casos em Jaboatão dos Guararapes. No dia 18, a SES reportou 1 caso em Jaboatão dos Guararapes. Não ficou claro como esse segundo caso na cidade passou a ser contabilizado. A próxima planilha com o detalhamento divulgado, no dia 21, aponta 3 casos em Jaboatão dos Guararapes."
2020-03-19,PE,http://www.pe.gov.br/b/22159,"No dia 19, a SES reportou 28 casos. Mas a planilha com o detalhamento por municípios não foi divulgada no site."
2020-03-20,PE,http://www.pe.gov.br/b/22168,"No dia 20, a SES reportou 31 casos. Mas a planilha com o detalhamento por municípios não foi divulgada no site."
2020-03-21,PE,http://www.pe.gov.br/b/22176,
2020-03-22,PE,http://www.pe.gov.br/b/22178,"No dia 22, a SES reportou 37 casos em um boletim enviado por PDF, que ainda não foi publicado no site"
2020-03-23,PE,http://www.pe.gov.br/b/22189,
2020-03-24,PE,http://www.pe.gov.br/b/22198,
2020-03-25,PE,http://www.pe.gov.br/b/22214,"No dia 25, a SES reportou 46 casos em um boletim enviado por PDF disponível em: https://www.dropbox.com/s/2m6wu1hq8w7ljuq/Boletim%20Covid-19%20-%20Secretaria%20de%20Sa%C3%BAde%20de%20Pernambuco%20-%2025.03.pdf?dl=0"
2020-03-26,PE,https://youtu.be/cH9VxzMO3jU,Informações divulgadas em live. Aguardando boletim
2020-03-26,PE,http://www.pe.gov.br/b/22234,"No dia 27, a SES reportou 57 casos e 4 mortes por Covid-19. Aguardando detalhamento por município"
2020-03-27,PE,https://www.dropbox.com/s/xz3ldztxukni8ye/Boletim%20Covid-19%20-%20Secretaria%20de%20Sa%C3%BAde%20de%20Pernambuco%20-%2027.03.pdf?dl=0,https://12ad4c92-89c7-4218-9e11-0ee136fa4b92.filesusr.com/ugd/3293a8_03e6f16c13424ab9872aaf30bb0a73b0.pdf
2020-03-28,PE,https://www.dropbox.com/home?preview=28.03_BOLETIM+COVID-19_SES_PE.pdf,"No dia 28/03, a SES reportou 68 casos e 5 óbitos por Covid-19"
2020-03-29,PE,https://www.dropbox.com/s/fx1013506ainpu9/Boletim%20Covid-19%20-%20Secretaria%20de%20Sa%C3%BAde%20de%20Pernambuco%20-%2029.03.pdf?dl=0,
2020-03-30,PE,https://www.dropbox.com/s/mu9ly5ufbi0pk31/Boletim%20Covid-19%20-%20Secretaria%20de%20Sa%C3%BAde%20de%20Pernambuco%20-%2030.03.pdf?dl=0,https://youtu.be/lxLYLVGxdkw
2020-03-16,PB,https://paraiba.pb.gov.br/diretas/saude/coronavirus/arquivos/informe-epidemiologico-01-coe-estadual_final.pdf/view,
2020-03-18,PB,https://paraiba.pb.gov.br/noticias/paraiba-confirma-primeiro-caso-de-coronavirus,
2020-03-22,PB,https://paraiba.pb.gov.br/diretas/saude/coronavirus/noticias/atualizacao-covid-19-22-03-20h,
2020-03-23,PB,https://paraiba.pb.gov.br/diretas/saude/coronavirus/noticias/atualizacao-covid-19-23-03-07h,
2020-03-23,PB,https://paraiba.pb.gov.br/diretas/saude/coronavirus/noticias/atualizacao-covid-19-23-03-20h,
2020-03-24,PB,https://paraiba.pb.gov.br/diretas/saude/coronavirus/noticias/atualizacao-covid-19-24-03-10h,
2020-03-24,PB,https://paraiba.pb.gov.br/diretas/saude/coronavirus/noticias/atualizacao-covid-19-24-03-18h,
2020-03-24,PB,https://paraiba.pb.gov.br/diretas/saude/coronavirus/noticias/atualizacao-covid-19-24-03-20h35,
2020-03-25,PB,https://paraiba.pb.gov.br/diretas/saude/coronavirus/noticias/atualizacao-covid-19-25-03-18h,
2020-03-26,PB,https://paraiba.pb.gov.br/diretas/saude/coronavirus/noticias/atualizacao-covid-19-26-03-7h30,
2020-03-26,PB,https://paraiba.pb.gov.br/diretas/saude/coronavirus/noticias/atualizacao-covid-19-26-03-17h,
2020-03-27,PB,https://paraiba.pb.gov.br/diretas/saude/coronavirus/noticias/atualizacao-covid-19-27-03-10h,
2020-03-27,PB,https://paraiba.pb.gov.br/diretas/saude/coronavirus/noticias/atualizacao-covid-19-27-03-17h46,
2020-03-28,PB,https://paraiba.pb.gov.br/diretas/saude/coronavirus/noticias/atualizacao-covid-19-28-03-09h30,
2020-03-30,PB,https://paraiba.pb.gov.br/diretas/saude/coronavirus/noticias/atualizacao-covid-19-30-03-10h,
2020-02-28,MT,http://www.saude.mt.gov.br/arquivo/10658,
2020-03-02,MT,http://www.saude.mt.gov.br/arquivo/10656,
2020-03-03,MT,http://www.saude.mt.gov.br/arquivo/10655,link funcionando encontrado
2020-03-04,MT,http://www.saude.mt.gov.br/arquivo/10654,
2020-03-05,MT,http://www.saude.mt.gov.br/arquivo/10665,
2020-03-06,MT,http://www.saude.mt.gov.br/arquivo/10670,link funcionando encontrado
2020-03-09,MT,http://www.saude.mt.gov.br/arquivo/10696,
2020-03-10,MT,http://www.saude.mt.gov.br/arquivo/10701,
2020-03-11,MT,http://www.saude.mt.gov.br/arquivo/10709,
2020-03-12,MT,http://www.saude.mt.gov.br/arquivo/10785,
2020-03-13,MT,http://www.saude.mt.gov.br/arquivo/10787,
2020-03-16,MT,http://www.saude.mt.gov.br/arquivo/10788,
2020-03-17,MT,http://www.saude.mt.gov.br/arquivo/10789,
2020-03-18,MT,http://www.saude.mt.gov.br/arquivo/10790,
2020-03-18,MT,http://www.saude.mt.gov.br/noticia/6190,
2020-03-19,MT,http://www.saude.mt.gov.br/arquivo/10799,
2020-03-20,MT,http://www.saude.mt.gov.br/arquivo/10805,
2020-03-22,MT,http://www.mt.gov.br/-/13996956-ses-monitora-2-casos-confirmados-e-183-suspeitos-de-coronavi,
2020-03-23,MT,http://www.saude.mt.gov.br/arquivo/10809,
2020-03-24,MT,http://www.saude.mt.gov.br/arquivo/10817,
2020-03-25,MT,http://www.saude.mt.gov.br/arquivo/10832,
2020-03-26,MT,http://www.saude.mt.gov.br/upload/noticia/1/arquivo/260320191449-SES-MT-A-nota-informativa-20---26-03-2020--2-.pdf,
2020-03-27,MT,http://www.saude.mt.gov.br/upload/noticia/1/arquivo/270320194611-SES-MT-A-nota-informativa-n--21-ses-mt-27-03-2020.pdf,
2020-03-30,MT,http://www.saude.mt.gov.br/arquivo/10848,
2020-02-28,MS,http://www.vs.saude.ms.gov.br/wp-content/uploads/2020/02/BOLETIM-CORONA-28-02-2020.pdf,
2020-03-02,MS,http://www.vs.saude.ms.gov.br/wp-content/uploads/2020/03/BOLETIM-CORONAVIRUS-02-02-03-2020.pdf,
2020-03-03,MS,http://www.vs.saude.ms.gov.br/wp-content/uploads/2020/03/BOLETIM-CORONAVIRUS-03-03-03-2020.pdf,
2020-03-04,MS,http://www.vs.saude.ms.gov.br/wp-content/uploads/2020/03/BOLETIM-CORONA-04-04-03-2020.pdf,
2020-03-05,MS,http://www.vs.saude.ms.gov.br/wp-content/uploads/2020/03/BOLETIM-CORONA-05-05-03-2020.pdf,
2020-03-06,MS,http://www.vs.saude.ms.gov.br/wp-content/uploads/2020/03/BOLETIM-CORONAVIRUS-06-06-03-2020.pdf,
2020-03-09,MS,http://www.vs.saude.ms.gov.br/wp-content/uploads/2020/03/BOLETIM-CORONA-07-09-03-2020.pdf,
2020-03-10,MS,http://www.vs.saude.ms.gov.br/wp-content/uploads/2020/03/BOLETIM-CORONA-08-10-03-2020-tabelas.pdf,
2020-03-11,MS,http://www.vs.saude.ms.gov.br/wp-content/uploads/2020/03/BOLETIM-CORONA-09-11-03-2020.pdf,
2020-03-12,MS,http://www.vs.saude.ms.gov.br/wp-content/uploads/2020/03/BOLETIM-CORONA-10-12-03-2020.pdf,
2020-03-13,MS,http://www.vs.saude.ms.gov.br/wp-content/uploads/2020/03/BOLETIM-CORONA-11-13-03-2020.pdf,
2020-03-14,MS,http://www.vs.saude.ms.gov.br/wp-content/uploads/2020/03/BOLETIM-CORONA-11-14-03-20-_14h57.pdf,
2020-03-15,MS,http://www.vs.saude.ms.gov.br/wp-content/uploads/2020/03/BOLETIM-CORONA-15-03-2020.pdf,
2020-03-16,MS,http://www.vs.saude.ms.gov.br/wp-content/uploads/2020/03/BOLETIM-CORONA-16-03-2020.pdf,
2020-03-17,MS,http://www.vs.saude.ms.gov.br/wp-content/uploads/2020/03/BOLETIM-CORONAVIRUS-17-03-2020.pdf,
2020-03-18,MS,http://www.vs.saude.ms.gov.br/wp-content/uploads/2020/03/BOLETIM-CORONAVIRUS-18-03-2020-1.pdf,
2020-03-19,MS,http://www.vs.saude.ms.gov.br/wp-content/uploads/2020/03/BOLETIM-CORONAVIRUS-19-03-2020.pdf,
2020-03-20,MS,https://www.vs.saude.ms.gov.br/wp-content/uploads/2020/03/BOLETIM-CORONAVIRUS-20-03-2020.pdf,
2020-03-21,MS,https://www.vs.saude.ms.gov.br/wp-content/uploads/2020/03/BOLETIM-CORONAVIRUS-21-03-2020-2.pdf,
2020-03-22,MS,https://www.vs.saude.ms.gov.br/wp-content/uploads/2020/03/BOLETIM-CORONAVIRUS-22-03-2020-1.pdf,
2020-03-23,MS,https://www.vs.saude.ms.gov.br/wp-content/uploads/2020/03/BOLETIM-CORONAVIRUS-23-03-2020.pdf,
2020-03-24,MS,https://www.vs.saude.ms.gov.br/wp-content/uploads/2020/03/BOLETIM-CORONAVIRUS-24-03-2020.pdf,
2020-03-25,MS,https://www.vs.saude.ms.gov.br/wp-content/uploads/2020/03/BOLETIM-CORONAVIRUS-25-03-2020-FINAL.pdf,
2020-03-26,MS,https://www.vs.saude.ms.gov.br/wp-content/uploads/2020/03/BOLETIM-CORONAVIRUS-26-03-2020-1.pdf,
2020-03-27,MS,https://www.vs.saude.ms.gov.br/wp-content/uploads/2020/03/BOLETIM-CORONAVIRUS-27-03-2020-2.pdf,
2020-03-28,MS,https://www.vs.saude.ms.gov.br/wp-content/uploads/2020/03/Boletim-Epidemiol%C3%B3gico-COVID-19-MS-28-03-2020-FINAL.pdf,
2020-03-29,MS,https://www.vs.saude.ms.gov.br/wp-content/uploads/2020/03/Boletim-Epidemiol%C3%B3gico-COVID-19-2020.03.29-FINAL.pdf,
2020-03-30,MS,https://www.vs.saude.ms.gov.br/wp-content/uploads/2020/03/Boletim-Epidemiol%C3%B3gico-COVID-19-2020.03.30.pdf,
2020-03-12,MA,http://www.saude.ma.gov.br/downloads/notascovid/nota4.pdf,
2020-03-13,MA,http://www.saude.ma.gov.br/downloads/notascovid/nota2.pdf,
2020-03-15,MA,http://www.saude.ma.gov.br/downloads/notascovid/nota1.pdf,
2020-03-16,MA,http://www.saude.ma.gov.br/downloads/notascovid/nota6.pdf,
2020-03-17,MA,http://www.saude.ma.gov.br/downloads/notascovid/nota7.pdf,
2020-03-18,MA,http://www.saude.ma.gov.br/downloads/notascovid/nota8.pdf,
2020-03-19,MA,http://www.saude.ma.gov.br/downloads/notascovid/nota9.pdf,
2020-03-20,MA,http://www.saude.ma.gov.br/downloads/notascovid/nota10.pdf,
2020-03-21,MA,http://www.saude.ma.gov.br/downloads/notascovid/nota11.pdf,
2020-03-21,MA,http://www.saude.ma.gov.br/downloads/notascovid/nota12.pdf,
2020-03-22,MA,http://www.saude.ma.gov.br/downloads/notascovid/nota13.pdf,
2020-03-23,MA,http://www.saude.ma.gov.br/downloads/notascovid/nota14.pdf,
2020-03-24,MA,http://www.saude.ma.gov.br/downloads/notascovid/nota15.pdf,
2020-03-25,MA,https://twitter.com/carloselula/status/1242962852127924226,
2020-03-26,MA,http://www.saude.ma.gov.br/downloads/notascovid/nota16.pdf,
2020-03-27,MA,http://www.saude.ma.gov.br/downloads/notascovid/nota17.pdf,"Atenção ao caso Imperatriz, que foi notificado em SP; tiramos do total do Estado"
2020-03-28,MA,http://www.saude.ma.gov.br/downloads/notascovid/nota18.pdf,"Atenção ao caso Imperatriz, que foi notificado em SP; tiramos do total do Estado"
2020-03-29,MA,http://www.saude.ma.gov.br/downloads/notascovid/nota19.pdf,"Atenção ao caso Imperatriz, que foi notificado em SP; tiramos do total do Estado"
2020-03-30,MA,http://www.saude.ma.gov.br/downloads/notascovid/nota20.pdf,"Atenção ao caso Imperatriz, que foi notificado em SP; tiramos do total do Estado"
2020-02-27,CE,https://www.saude.ce.gov.br/wp-content/uploads/sites/9/2020/02/boletim_covid19_27_fev_2020.pdf,
2020-03-02,CE,https://www.saude.ce.gov.br/wp-content/uploads/sites/9/2020/02/boletim_COVID_02_mar_2020.pdf,
2020-03-04,CE,https://www.saude.ce.gov.br/wp-content/uploads/sites/9/2020/02/boletim_COVID_04_mar_2020.pdf.pdf,
2020-03-05,CE,https://www.saude.ce.gov.br/wp-content/uploads/sites/9/2018/06/boletim_n6_COVID_05_mar_20.pdf,
2020-03-06,CE,https://www.saude.ce.gov.br/wp-content/uploads/sites/9/2018/06/boletim_n7_COVID_06_mar_20.pdf,
2020-03-09,CE,https://www.saude.ce.gov.br/wp-content/uploads/sites/9/2018/06/boletim_n8_COVID19_09mar20.pdf,
2020-03-10,CE,https://www.saude.ce.gov.br/wp-content/uploads/sites/9/2018/06/boletim_n9_COVID_10_mar_20.pdf,
2020-03-11,CE,https://www.saude.ce.gov.br/wp-content/uploads/sites/9/2018/06/boletim_n10_COVID_11_mar_20.pdf,
2020-03-12,CE,https://www.saude.ce.gov.br/wp-content/uploads/sites/9/2018/06/boletim_n11_COVID_12_mar_20.pdf,
2020-03-13,CE,https://www.saude.ce.gov.br/wp-content/uploads/sites/9/2018/06/boletim_n12_COVID_13_mar_20-1.pdf,
2020-03-14,CE,https://www.saude.ce.gov.br/wp-content/uploads/sites/9/2018/06/boletim_n13_COVID_14_mar_20_v2.pdf,
2020-03-15,CE,https://www.saude.ce.gov.br/wp-content/uploads/sites/9/2018/06/boletim_n14_COVID_15_mar_20.pdf,
2020-03-16,CE,https://www.saude.ce.gov.br/wp-content/uploads/sites/9/2018/06/boletim_n14_COVID_16_mar_20.pdf,
2020-03-17,CE,https://www.saude.ce.gov.br/wp-content/uploads/sites/9/2020/02/boletim_n16_COVID_17_mar_20_v3.pdf,
2020-03-18,CE,https://www.saude.ce.gov.br/wp-content/uploads/sites/9/2020/02/boletim_n17_COVID_18_mar_20.pdf,
2020-03-19,CE,https://www.saude.ce.gov.br/wp-content/uploads/sites/9/2018/06/boletim_n18_COVID_19_mar_20_SM.pdf,
2020-03-20,CE,https://www.saude.ce.gov.br/wp-content/uploads/sites/9/2020/02/Informe-di%C3%A1rio-COVID-19-20_03.pdf,
2020-03-21,CE,https://www.saude.ce.gov.br/wp-content/uploads/sites/9/2020/02/informe_diario_21_03_20.pdf,
2020-03-22,CE,https://www.saude.ce.gov.br/wp-content/uploads/sites/9/2020/02/informe_diario_coronavirus_22_03_20.pdf,
2020-03-23,CE,https://www.saude.ce.gov.br/wp-content/uploads/sites/9/2020/02/Informe-di%C3%A1rio-23_03_20.pdf,
2020-03-24,CE,https://www.saude.ce.gov.br/wp-content/uploads/sites/9/2020/02/informe_diario_coronavirus_24_03_20.pdf,
2020-03-25,CE,https://www.saude.ce.gov.br/wp-content/uploads/sites/9/2020/02/informe_diario_coronavirus_25_03_20_v2.pdf.pdf,
2020-03-26,CE,https://coronavirus.ceara.gov.br/wp-content/uploads/2020/03/Informe_dia%CC%81rio_covid19_26_03_20_espce.pdf,"Boletim saiu com errata, informando que a cidade de Goraíras não possui casos confirmados."
2020-03-27,CE,https://www.saude.ce.gov.br/wp-content/uploads/sites/9/2020/02/informe_diario_coronavirus_27_03_20.pdf,
2020-03-28,CE,https://www.saude.ce.gov.br/wp-content/uploads/sites/9/2020/02/informe_diario_coronavirus_28_03_20.pdf,
2020-03-29,CE,https://coronavirus.ceara.gov.br/wp-content/uploads/2020/03/informe_diario_coronavirus_29_03_20.pdf,
2020-03-30,CE,https://www.saude.ce.gov.br/wp-content/uploads/sites/9/2020/02/informe_diario_coronavirus_30_03_20.pdf,
2020-03-06,MG,https://www.saude.mg.gov.br/images/noticias_e_eventos/000_2020/Coronav%C3%ADrus/Novo_Boletim_Coronav%C3%ADrus_06-03.pdf,
2020-03-08,MG,https://www.saude.mg.gov.br/component/gmg/story/12233-confirmacao-do-primeiro-caso-de-coronavirus-covid-19-em-minas-gerais,
2020-03-09,MG,https://www.saude.mg.gov.br/images/noticias_e_eventos/000_2020/Coronav%C3%ADrus/Novo_Boletim_Coronav%C3%ADrus_09-03.pdf,
2020-03-10,MG,https://www.saude.mg.gov.br/images/noticias_e_eventos/000_2020/jan_fev_mar/10-03-BOLETIM-COES-COVID-MG10-03-2020.pdf,
2020-03-11,MG,https://www.saude.mg.gov.br/images/noticias_e_eventos/000_2020/Coronav%C3%ADrus/BOLETIM_COES_COVID_MG_19_-_11-03-2020.pdf,
2020-03-12,MG,https://www.saude.mg.gov.br/images/BOLETIM_COES_COVID_MG_19_-_12-03-2020.pdf,
2020-03-13,MG,https://www.saude.mg.gov.br/images/noticias_e_eventos/000_2020/jan_fev_mar/13-03-BOLETIM_COES_COVID_MG19.pdf,
2020-03-14,MG,https://www.saude.mg.gov.br/images/noticias_e_eventos/000_2020/Coronav%C3%ADrus/BOLETIM_COES_COVID_MG_19_-_14-03-2020_ret.pdf,
2020-03-16,MG,https://www.saude.mg.gov.br/images/noticias_e_eventos/000_2020/Coronav%C3%ADrus/BOLETIM_COES_COVID_MG_19_-_16-03-2020_2.pdf,
2020-03-17,MG,https://www.saude.mg.gov.br/images/noticias_e_eventos/000_2020/Coronav%C3%ADrus/BOLETIM_COES_COVID_MG_19_-_17-03-2020.pdf,
2020-03-18,MG,https://www.saude.mg.gov.br/images/noticias_e_eventos/000_2020/BOLETIM_COES_COVID_MG_19_-_18-03-2020_16h54.pdf,
2020-03-19,MG,https://www.saude.mg.gov.br/images/noticias_e_eventos/000_2020/BOLETIM_COES_COVID_MG_19-03-2020.pdf,
2020-03-20,MG,https://www.saude.mg.gov.br/images/noticias_e_eventos/000_2020/Boletins_Corona/BOLETIM_COES_COVID_MG_20-03-2020.pdf,
2020-03-21,MG,https://www.saude.mg.gov.br/images/noticias_e_eventos/000_2020/Boletins_Corona/BOLETIM_COES_COVID_MG_21-03-2020_1812-compactado.pdf,
2020-03-22,MG,https://www.saude.mg.gov.br/images/noticias_e_eventos/000_2020/Boletins_Corona/Informe_epidemiol%C3%B3gico_-_22.03.2020.pdf,
2020-03-23,MG,https://www.saude.mg.gov.br/images/noticias_e_eventos/000_2020/Boletins_Corona/boletim_epidemiol%C3%B3gico_23.03.2020.pdf,
2020-03-24,MG,https://www.saude.mg.gov.br/images/boletim_epidemiol%C3%B3gico_24.03.2020.pdf,
2020-03-25,MG,https://www.saude.mg.gov.br/images/noticias_e_eventos/000_2020/Boletins_Corona/boletim_epidemiol%C3%B3gico_25.03.2020.pdf,
2020-03-26,MG,https://www.saude.mg.gov.br/images/noticias_e_eventos/000_2020/Boletins_Corona/boletim_epidemiol%C3%B3gico_26.03.2020.pdf,
2020-03-27,MG,https://www.saude.mg.gov.br/images/noticias_e_eventos/000_2020/Boletins_Corona/boletim_epidemiol%C3%B3gico_27.03.2020_oficial.pdf,
2020-03-28,MG,https://www.saude.mg.gov.br/images/noticias_e_eventos/000_2020/Boletins_Corona/Boletim_Epidemiol%C3%B3gico_COVID-19_MG_28.03.2020.pdf,"Um caso registrado em Divinópolis e outro em Patos de Minas foram transferidos para Carmo do Cajuru e Guimarânia, respectivamente, neste boletim. Com isso, em 27/03 Divinópolis passa a ter 5 casos e Patos de Minas é excluído até o momento, visto que só tinha 1 caso."
2020-03-29,MG,https://www.saude.mg.gov.br/images/noticias_e_eventos/000_2020/Boletins_Corona/Boletim_Epidemiol%C3%B3gico_COVID-19_MG_29.03.2020_1.pdf,
2020-03-30,MG,https://www.saude.mg.gov.br/images/noticias_e_eventos/000_2020/Boletins_Corona/Boletim_Epidemiologico_COVID-19_MG_30.03.2020.pdf,
2020-03-18,GO,http://www.saude.go.gov.br/noticias/10521-atualizacao-dos-casos-suspeitos-do-novo-coronavirus-covid-19-em-goias-3,
2020-03-19,GO,http://www.saude.go.gov.br/noticias/764-coronavirus/10593-atualizacao-dos-casos-de-doenca-pelo-coronavirus-covid-19-em-goias-19-03-2020,
2020-03-20,GO,http://www.saude.go.gov.br/noticias/10617-atualizacao-dos-casos-de-doenca-pelo-coronavirus-covid-19-em-goias-20-03-2019,
2020-03-21,GO,http://www.saude.go.gov.br/noticias/10619-atualizacao-dos-casos-de-doenca-pelo-coronavirus-covid-19-em-goias-21-03-2020,
2020-03-22,GO,http://www.saude.go.gov.br/noticias/10618-atualizacao-dos-casos-de-doenca-pelo-coronavirus-covid-19-em-goias-22-03-2019,
2020-03-23,GO,http://www.saude.go.gov.br/noticias/10626-atualizacao-dos-casos-de-doenca-pelo-coronavirus-covid-19-em-goias-23-03-2020,
2020-03-24,GO,http://www.saude.go.gov.br/noticias/10631-atualizacao-dos-casos-de-doenca-pelo-coronavirus-covid-19-em-goias-24-03-2020,
2020-03-25,GO,http://www.saude.go.gov.br/noticias/764-coronavirus/10633-atualizacao-dos-casos-de-doenca-pelo-coronavirus-covid-19-em-goias-25-03-2020,
2020-03-26,GO,http://www.saude.go.gov.br/noticias/764-coronavirus/10635-atualizacao-dos-casos-de-doenca-pelo-coronavirus-covid-19-em-goias-26-03-2020,
2020-03-27,GO,http://www.saude.go.gov.br/noticias/764-coronavirus/10642-atualizacao-dos-casos-de-doenca-pelo-coronavirus-covid-19-em-goias-27-03-2020,
2020-03-28,GO,http://www.saude.go.gov.br/noticias/764-coronavirus/10644-atualizacao-dos-casos-de-doenca-pelo-coronavirus-covid-19-em-goias-28-03-2020,
2020-03-29,GO,http://www.saude.go.gov.br/noticias/764-coronavirus/10645-atualizacao-dos-casos-de-doenca-pelo-coronavirus-covid-19-em-goias-29-03-2020,
2020-03-30,GO,http://www.saude.go.gov.br/noticias/764-coronavirus/10646-atualizacao-dos-casos-de-doenca-pelo-coronavirus-covid-19-em-goias-30-03-2020,
2020-03-01,ES,https://saude.es.gov.br/Not%C3%ADcia/saude-divulga-3o-boletim-de-covid-19,
2020-03-02,ES,https://saude.es.gov.br/Not%C3%ADcia/secretaria-da-saude-divulga-4o-boletim-de-covid-19,
2020-03-03,ES,https://saude.es.gov.br/Not%C3%ADcia/secretaria-da-saude-divulga-5o-boletim-de-covid-19,
2020-03-04,ES,https://saude.es.gov.br/Not%C3%ADcia/secretaria-da-saude-divulga-6o-boletim-de-covid-19,
2020-03-05,ES,https://saude.es.gov.br/Not%C3%ADcia/secretaria-da-saude-divulga-7o-boletim-de-covid-19,primeiro caso confirmado
2020-03-06,ES,https://saude.es.gov.br/Not%C3%ADcia/secretaria-da-saude-divulga-8o-boletim-de-covid-19,
2020-03-07,ES,https://saude.es.gov.br/Not%C3%ADcia/secretaria-da-saude-divulga-9o-boletim-de-covid-19,
2020-03-08,ES,https://saude.es.gov.br/Not%C3%ADcia/secretaria-da-saude-divulga-10o-boletim-de-covid-19,
2020-03-09,ES,https://saude.es.gov.br/Not%C3%ADcia/secretaria-da-saude-divulga-11o-boletim-de-covid-19,
2020-03-10,ES,https://saude.es.gov.br/Not%C3%ADcia/secretaria-da-saude-divulga-12o-boletim-de-covid-19,
2020-03-11,ES,https://saude.es.gov.br/Not%C3%ADcia/secretaria-da-saude-divulga-13o-boletim-de-covid-19,
2020-03-12,ES,https://saude.es.gov.br/Not%C3%ADcia/secretaria-da-saude-divulga-14o-boletim-de-covid-19,segundo caso confirmado
2020-03-13,ES,https://saude.es.gov.br/Not%C3%ADcia/secretaria-da-saude-divulga-15o-boletim-de-covid-19,
2020-03-14,ES,https://saude.es.gov.br/Not%C3%ADcia/secretaria-da-saude-divulga-16o-boletim-de-covid-19,
2020-03-15,ES,https://saude.es.gov.br/Not%C3%ADcia/secretaria-da-saude-divulga-17o-boletim-de-covid-19,
2020-03-16,ES,https://saude.es.gov.br/Not%C3%ADcia/secretaria-da-saude-divulga-18o-boletim-de-covid-19,
2020-03-17,ES,https://saude.es.gov.br/Not%C3%ADcia/secretaria-da-saude-divulga-19o-boletim-de-covid-19,
2020-03-18,ES,https://saude.es.gov.br/Not%C3%ADcia/secretaria-da-saude-divulga-20o-boletim-de-covid-19,
2020-03-19,ES,https://saude.es.gov.br/Not%C3%ADcia/secretaria-da-saude-divulga-21o-boletim-de-covid-19,início da divulgação por município (16 confirmados)
2020-03-20,ES,https://saude.es.gov.br/Not%C3%ADcia/secretaria-da-saude-divulga-22o-boletim-de-covid-19,
2020-03-21,ES,https://saude.es.gov.br/Not%c3%adcia/secretaria-da-saude-divulga-23o-boletim-de-covid-19,
2020-03-22,ES,https://saude.es.gov.br/Not%C3%ADcia/secretaria-da-saude-divulga-24o-boletim-de-covid-19,
2020-03-23,ES,https://saude.es.gov.br/Not%C3%ADcia/secretaria-da-saude-divulga-25o-boletim-de-covid-19,
2020-03-24,ES,https://saude.es.gov.br/Not%C3%ADcia/secretaria-da-saude-divulga-26o-boletim-de-covid-19,
2020-03-25,ES,https://saude.es.gov.br/Not%C3%ADcia/secretaria-da-saude-divulga-27o-boletim-de-covid-19,
2020-03-26,ES,https://saude.es.gov.br/Not%C3%ADcia/secretaria-da-saude-divulga-28o-boletim-de-covid-19,
2020-03-27,ES,https://saude.es.gov.br/Not%C3%ADcia/secretaria-da-saude-divulga-29o-boletim-de-covid-19,
2020-03-28,ES,https://saude.es.gov.br/Not%C3%ADcia/secretaria-da-saude-divulga-30o-boletim-da-covid-19,
2020-03-29,ES,https://saude.es.gov.br/Not%C3%ADcia/secretaria-da-saude-divulga-31o-boletim-da-covid-19,
2020-03-30,ES,https://www.es.gov.br/Noticia/secretaria-da-saude-divulga-32o-boletim-da-covid-19,
2020-03-16,AP,https://www.portal.ap.gov.br/noticia/1603/boletim-informativo-covid-19-amapa-16-de-marco-de-2020,
2020-03-17,AP,https://www.portal.ap.gov.br/noticia/1703/boletim-informativo-covid-19-amapa-17-de-marco-de-2020,
2020-03-18,AP,https://www.portal.ap.gov.br/noticia/1803/boletim-informativo-covid-19-amapa-18-de-marco-de-2020,
2020-03-19,AP,https://www.portal.ap.gov.br/noticia/1903/boletim-informativo-covid-19-amapa-19-de-marco-de-2020,
2020-03-20,AP,https://www.portal.ap.gov.br/noticia/2003/boletim-informativo-covid-19-amapa-20-de-marco-de-2020,
2020-03-20,AP,https://www.portal.ap.gov.br/noticia/2003/coronavirus-primeiro-caso-e-confirmado-no-amapa,
2020-03-21,AP,https://www.portal.ap.gov.br/noticia/2103/boletim-informativo-covid-19-amapa-21-de-marco-de-2020,
2020-03-22,AP,https://www.portal.ap.gov.br/noticia/2203/boletim-informativo-covid-19-amapa-22-de-marco-de-2020,
2020-03-23,AP,https://www.portal.ap.gov.br/noticia/2303/2-ordm-boletim-informativo-covid-19-amapa-23-de-marco-de-2020,
2020-03-24,AP,https://www.portal.ap.gov.br/noticia/2403/boletim-informativo-covid-19-amapa-24-de-marco-de-2020,
2020-03-25,AP,https://www.portal.ap.gov.br/noticia/2503/boletim-informativo-covid-19-amapa-25-de-marco-de-2020,
2020-03-25,AP,https://www.portal.ap.gov.br/noticia/2503/amapa-confirma-o-segundo-caso-de-covid-19,https://www.instagram.com/p/B-Lba2CpJML/
2020-03-25,AP,"https://www.tjap.jus.br/portal/publicacoes/noticias/10334-presidente-do-tjap-testa-positivo-para-coronav%C3%ADrus-mas,-tranquiliza-a-todos-que-segue-sem-sintomas-severos.html",
2020-03-26,AP,https://www.portal.ap.gov.br/noticia/2603/boletim-informativo-covid-19-amapa-26-de-marco-de-2020,
2020-03-27,AP,https://www.portal.ap.gov.br/noticia/2703/boletim-informativo-covid-19-amapa-27-de-marco-de-2020,
2020-03-27,AP,https://www.portal.ap.gov.br/noticia/2703/amapa-confirma-terceiro-caso-de-covid-19,Boletim das 21h - Adiciona uma confirmação. O município foi informada através da conta do facebook da secretaria (https://www.facebook.com/governo.ap/posts/2705336023045618).
2020-03-28,AP,https://www.portal.ap.gov.br/noticia/2803/boletim-informativo-covid-19-amapa-confirma-4-ordm-caso-de-novo-coronavirus,"Boletim informa que o novo caso deu entrada pela UBS Lélio Silva, que fica em Macapá"
2020-03-29,AP,https://www.portal.ap.gov.br/noticia/2903/boletim-informativo-covid-19-amapa-29-de-marco-de-2020,
2020-03-29,AP,https://www.portal.ap.gov.br/noticia/2903/atualizacao-boletim-informativo-covid-19-amapa-29-de-marco-de-2020,4 casos adicionados
2020-03-30,AP,https://www.portal.ap.gov.br/noticia/3003/boletim-informativo-covid-19-amapa-30-de-marco-de-2020,
2020-02-28,DF,http://www.saude.df.gov.br/wp-conteudo/uploads/2020/02/Informe_1_COE_COVID19_DF_28fev20.pdf.pdf,
2020-02-29,DF,http://www.saude.df.gov.br/wp-conteudo/uploads/2020/02/Informe_2_COE_COVID19_DF_29fev20.pdf.pdf,
2020-03-01,DF,http://www.saude.df.gov.br/wp-conteudo/uploads/2020/02/Informe_3_COE_COVID19_DF_1mar20.pdf,
2020-03-02,DF,http://www.saude.df.gov.br/wp-conteudo/uploads/2020/02/Informe4_COVID19_GDF_2_mar_20.pdf,
2020-03-03,DF,http://www.saude.df.gov.br/wp-conteudo/uploads/2020/02/Informe_COVID19_GDF_20200303.pdf.pdf,
2020-03-04,DF,http://www.saude.df.gov.br/wp-conteudo/uploads/2020/02/Informe_COVID19_GDF_20200304.pdf,
2020-03-05,DF,http://www.saude.df.gov.br/wp-conteudo/uploads/2020/02/Informe_COVID19_GDF_20200305.pdf,
2020-03-06,DF,http://www.saude.df.gov.br/wp-conteudo/uploads/2020/02/Informe_COVID19_GDF_20200306.pdf,
2020-03-07,DF,http://www.saude.df.gov.br/wp-conteudo/uploads/2020/02/Informe_COVID19_GDF_20200307.pdf,
2020-03-08,DF,http://www.saude.df.gov.br/wp-conteudo/uploads/2020/02/Informe_COVID19_GDF_20200308.pdf,
2020-03-09,DF,http://www.saude.df.gov.br/wp-conteudo/uploads/2020/02/Informe_COVID19_GDF_09-03-20.pdf,
2020-03-10,DF,http://www.saude.df.gov.br/wp-conteudo/uploads/2020/02/Informe_COVID19_GDF_1003.pdf,
2020-03-11,DF,http://www.saude.df.gov.br/wp-conteudo/uploads/2020/02/Informe_COVID19_GDF_20200311-dia-11.pdf,
2020-03-12,DF,http://www.saude.df.gov.br/wp-conteudo/uploads/2020/02/Informe_COVID19_GDF_1203.pdf,
2020-03-13,DF,http://www.saude.df.gov.br/wp-conteudo/uploads/2020/02/Informe_COVID19_GDF_13-PDF.pdf,
2020-03-14,DF,http://www.saude.df.gov.br/wp-conteudo/uploads/2020/02/Informe_COVID19_GDF_20200314-1-ok.pdf,
2020-03-15,DF,http://www.saude.df.gov.br/wp-conteudo/uploads/2020/02/15.03-Informe_COVID19_GDF_20200315-2.pdf,
2020-03-16,DF,http://www.saude.df.gov.br/wp-conteudo/uploads/2020/02/16-Informe_COVID19_GDF_20200316-P.pdf,
2020-03-18,DF,http://www.saude.df.gov.br/wp-conteudo/uploads/2020/02/Informe_COVID19_GDF_20200315.pdf,
2020-03-19,DF,http://www.saude.df.gov.br/wp-conteudo/uploads/2020/03/A19okInforme_COVID19_GDF_19.03.20a.pdf,
2020-03-20,DF,http://www.saude.df.gov.br/wp-conteudo/uploads/2020/03/Informe-n%C2%BA-21-de-20-d-mar%C3%A7o-19-horas.pdf,
2020-03-21,DF,https://www.agenciabrasilia.df.gov.br/2020/03/21/informe-sobre-o-coronavirus-no-distrito-federal-dia-21-de-marco-18h50/,
2020-03-22,DF,http://www.saude.df.gov.br/wp-conteudo/uploads/2020/03/Informe-n%C2%BA-22-21-de-mar%C3%A7o.pdf,
2020-03-23,DF,http://www.saude.df.gov.br/wp-conteudo/uploads/2020/03/Informe-Covid-23-3-19h.pdf,
2020-03-24,DF,https://www.agenciabrasilia.df.gov.br/2020/03/24/evolucao-da-covid-19-e-monitorada-em-tempo-real/,
2020-03-25,DF,https://www.metropoles.com/colunas-blogs/grande-angular/coronavirus-df-tem-191-casos-a-maioria-fora-da-idade-de-risco,
2020-03-26,DF,http://www.saude.df.gov.br/wp-conteudo/uploads/2020/03/26-Boletim-COVID_DF-26.03.2020_2vers%C3%A3o-1.pdf,
2020-03-27,DF,http://www.saude.df.gov.br/wp-conteudo/uploads/2020/03/Boletim-COVID_DF-27.03.2020.pdf,
2020-03-28,DF,http://www.saude.df.gov.br/wp-conteudo/uploads/2020/03/Boletim-COVID_DF-28.03.2020.pdf.pdf.pdf,
2020-03-29,DF,http://www.saude.df.gov.br/wp-conteudo/uploads/2020/03/Boletim-COVID_DF-29.03.2020.pdf.pdf,
2020-03-30,DF,http://www.saude.df.gov.br/wp-conteudo/uploads/2020/03/30.03-ok-Boletim-COVID_DF-30.03.2020-1.pdf.pdf,
2020-02-27,BA,http://www.saude.ba.gov.br/2020/02/27/nota-informativa-coronavirus/,
2020-02-28,BA,http://www.saude.ba.gov.br/2020/02/28/boletim-coronavirus/,
2020-02-28,BA,http://www.saude.ba.gov.br/2020/02/28/boletim-coronavirus-2/,
2020-03-02,BA,http://www.saude.ba.gov.br/2020/03/02/boletim-coronavirus-02-03-2020/,
2020-03-02,BA,http://www.saude.ba.gov.br/2020/03/02/boletim-coronavirus-02-03-2020-17h/,
2020-03-03,BA,http://www.saude.ba.gov.br/2020/03/03/boletim-coronavirus-03-03-2020/,
2020-03-04,BA,http://www.saude.ba.gov.br/2020/03/04/boletim-coronavirus-04-03-2020/,
2020-03-05,BA,http://www.saude.ba.gov.br/2020/03/05/boletim-novo-coronavirus-05-03-2020/,
2020-03-06,BA,http://www.saude.ba.gov.br/2020/03/06/bahia-confirma-primeiro-caso-importado-do-novo-coronavirus-covid-19/,
2020-03-06,BA,http://www.saude.ba.gov.br/2020/03/06/boletim-novo-coronavirus-06-03-2020/,
2020-03-07,BA,http://www.saude.ba.gov.br/2020/03/07/bahia-confirma-segundo-caso-do-novo-coronavirus-covid-19/,
2020-03-09,BA,http://www.saude.ba.gov.br/2020/03/09/boletim-novo-coronavirus-09-03-2020/,
2020-03-10,BA,http://www.saude.ba.gov.br/2020/03/10/boletim-novo-coronavirus-10-03-2020/,
2020-03-11,BA,http://www.saude.ba.gov.br/2020/03/11/bahia-confirma-terceiro-caso-do-novo-coronavirus-covid-19/,
2020-03-12,BA,http://www.saude.ba.gov.br/2020/03/12/boletim-novo-coronavirus-12-03-2020/,
2020-03-13,BA,http://www.saude.ba.gov.br/2020/03/13/boletim-novo-coronavirus-13-03-2020/,
2020-03-15,BA,http://www.saude.ba.gov.br/2020/03/15/bahia-confirma-oitavo-caso-do-novo-coronavirus-covid-19/,
2020-03-15,BA,http://www.saude.ba.gov.br/2020/03/15/bahia-confirma-nono-caso-do-novo-coronavirus-covid-19/,
2020-03-16,BA,http://www.saude.ba.gov.br/2020/03/16/bahia-confirma-decimo-caso-do-novo-coronavirus-covid-19/,
2020-03-17,BA,http://www.saude.ba.gov.br/2020/03/17/bahia-confirma-13-casos-do-novo-coronavirus-covid-19/,
2020-03-17,BA,http://www.saude.ba.gov.br/2020/03/17/bahia-confirma-14-casos-do-novo-coronavirus-covid-19/,
2020-03-18,BA,http://www.saude.ba.gov.br/2020/03/18/bahia-confirma-18-casos-do-novo-coronavirus-covid-19/,
2020-03-18,BA,http://www.saude.ba.gov.br/2020/03/18/retificacao-%c7%80-bahia-confirma-27-casos-do-novo-coronavirus-covid-19/,
2020-03-19,BA,http://www.saude.ba.gov.br/2020/03/19/bahia-confirma-30-casos-do-novo-coronavirus-covid-19/,
2020-03-19,BA,http://www.saude.ba.gov.br/2020/03/19/bahia-segue-com-31-casos-confirmados-de-covid-19/,
2020-03-20,BA,http://www.saude.ba.gov.br/2020/03/20/bahia-registra-33-casos-confirmados-de-covid-19/,
2020-03-20,BA,http://www.saude.ba.gov.br/2020/03/20/bahia-confirma-34-casos-de-covid-19/,
2020-03-21,BA,http://www.saude.ba.gov.br/2020/03/21/bahia-confirma-41-casos-de-covid-19/,
2020-03-22,BA,http://www.saude.ba.gov.br/2020/03/22/bahia-confirma-49-casos-de-covid-19/,
2020-03-22,BA,http://www.saude.ba.gov.br/2020/03/22/bahia-confirma-55-casos-de-covid-19/,
2020-03-23,BA,http://www.saude.ba.gov.br/2020/03/23/bahia-confirma-63-casos-de-covid-19/,
2020-03-23,BA,http://www.saude.ba.gov.br/2020/03/23/bahia-segue-com-63-casos-de-covid-19/,
2020-03-24,BA,http://www.saude.ba.gov.br/2020/03/24/bahia-confirma-76-novos-casos-de-covid-19/,
2020-03-24,BA,http://www.saude.ba.gov.br/2020/03/24/bahia-confirma-79-casos-de-covid-19/,
2020-03-25,BA,http://www.saude.ba.gov.br/2020/03/25/bahia-confirma-83-casos-de-covid-19/,
2020-03-25,BA,http://www.saude.ba.gov.br/2020/03/25/bahia-confirma-91-casos-de-covid-19/,
2020-03-26,BA,http://www.saude.ba.gov.br/2020/03/26/bahia-registra-104-casos-de-covid-19/,
2020-03-26,BA,http://www.saude.ba.gov.br/2020/03/26/bahia-registra-108-casos-de-covid-19-com-16-pacientes-curados/,
2020-03-27,BA,http://www.saude.ba.gov.br/2020/03/27/bahia-registra-123-casos-confirmados-de-covid-19/,
2020-03-28,BA,http://www.saude.ba.gov.br/2020/03/28/bahia-registra-127-casos-confirmados-de-covid-19/,
2020-03-29,BA,http://www.saude.ba.gov.br/2020/03/29/bahia-registra-primeiro-obito-pelo-novo-coronavirus-covid-19/,
2020-03-29,BA,http://www.saude.ba.gov.br/2020/03/29/bahia-registra-147-casos-confirmados-de-covid-19-e-um-obito/,
2020-03-29,BA,http://www.saude.ba.gov.br/2020/03/29/bahia-tem-156-casos-confirmados-de-covid-19/,
2020-03-30,BA,http://www.saude.ba.gov.br/2020/03/30/bahia-tem-176-casos-confirmados-de-covid-19/,
2020-03-30,AM,http://www.saude.am.gov.br/visualizar-noticia.php?id=4386,
2020-03-29,AM,http://www.saude.am.gov.br/visualizar-noticia.php?id=4383,
2020-03-28,AM,http://www.saude.am.gov.br/visualizar-noticia.php?id=4381,
2020-03-27,AM,http://www.saude.am.gov.br/visualizar-noticia.php?id=4377,
2020-03-26,AM,http://www.saude.am.gov.br/visualizar-noticia.php?id=4375,Estado não tem boletim específico sobre novo coronavírus. Informações foram publicadas no site da secretaria de Saúde
2020-03-25,AM,http://www.saude.am.gov.br/visualizar-noticia.php?id=4368,Estado não tem boletim específico sobre novo coronavírus. Informações foram publicadas no site da secretaria de Saúde
2020-03-24,AM,http://www.amazonas.am.gov.br/2020/03/nota-amazonas-registra-primeira-morte-pelo-novo-coronavirus/,"Primeira morte causada pelo novo Coronavírus no Amazonas. Óbito foi confirmado na noite de 24/03, depois do estado divulgar boletim sobre infectados"
2020-03-24,AM,http://www.amazonas.am.gov.br/2020/03/amazonas-tem-47-casos-confirmados-de-covid-19/,Estado não tem boletim específico sobre novo coronavírus. Informações foram publicadas no site do governo do Amazonas
2020-03-23,AM,http://www.saude.am.gov.br/visualizar-noticia.php?id=4357,Estado não tem boletim específico sobre novo coronavírus. Informações estão sendo atualizadas na área de notícias do site da secretaria de Saúde 
2020-03-23,AM,http://www.saude.am.gov.br/visualizar-noticia.php?id=4356,Estado não tem boletim específico sobre novo coronavírus. Informações estão sendo atualizadas na área de notícias do site da secretaria de Saúde 
2020-03-21,AM,http://www.saude.am.gov.br/visualizar-noticia.php?id=4355,Estado não tem boletim específico sobre novo coronavírus. Informações estão sendo atualizadas na área de notícias do site da secretaria de Saúde 
2020-03-20,AM,http://www.saude.am.gov.br/visualizar-noticia.php?id=4346,Estado não tem boletim específico sobre novo coronavírus. Informações estão sendo atualizadas na área de notícias do site da secretaria de Saúde 
2020-03-19,AM,http://www.saude.am.gov.br/visualizar-noticia.php?id=4344,Estado não tem boletim específico sobre novo coronavírus. Informações estão sendo atualizadas na área de notícias do site da secretaria de Saúde 
2020-03-18,AM,http://www.saude.am.gov.br/visualizar-noticia.php?id=4338,Estado não tem boletim específico sobre novo coronavírus. Informações estão sendo atualizadas na área de notícias do site da secretaria de Saúde 
2020-03-13,AM,http://www.saude.am.gov.br/visualizar-noticia.php?id=4327,Primeira confirmação do novo Coronavírus no AM
2020-03-08,AL,http://www.saude.al.gov.br/2020/03/09/secretario-diz-que-1o-caso-do-covid-19-nao-causa-panico-em-al/,
2020-03-11,AL,http://www.saude.al.gov.br/2020/03/11/alagoas-tem-nove-casos-em-investigacao-para-covid-19/,
2020-03-12,AL,http://www.saude.al.gov.br/2020/03/12/alagoas-tem-dez-casos-suspeitos-para-covid-19/,
2020-03-13,AL,http://www.saude.al.gov.br/2020/03/13/alagoas-segue-com-dez-casos-suspeitos-para-covid-19/,
2020-03-16,AL,http://www.saude.al.gov.br/2020/03/16/alagoas-permanece-com-um-caso-confirmado-e-16-sao-investigados-para-covid-19/,
2020-03-17,AL,http://www.saude.al.gov.br/2020/03/17/alagoas-tem-34-casos-em-investigacao-para-covid-19/,
2020-03-18,AL,http://www.saude.al.gov.br/2020/03/18/alagoas-tem-34-casos-suspeitos-para-covid-19-e-um-confirmado/,
2020-03-19,AL,http://www.saude.al.gov.br/2020/03/19/boletim-mostra-que-alagoas-tem-38-casos-suspeitos-para-covid-19/,
2020-03-20,AL,http://www.saude.al.gov.br/2020/03/20/sesau-informa-que-alagoas-tem-seis-casos-confirmados-para-covid-19/,
2020-03-21,AL,http://www.saude.al.gov.br/2020/03/21/al-tem-7-casos-confirmados-de-covid-19-e-59-em-investigacao/,
2020-03-22,AL,http://www.saude.al.gov.br/2020/03/22/boletim-covid-19-alagoas-segue-com-sete-casos-confirmados/,
2020-03-23,AL,http://www.saude.al.gov.br/2020/03/23/boletim-covid-19-23-03-al-tem-oito-casos-confirmados/,
2020-03-24,AL,http://www.saude.al.gov.br/2020/03/24/boletim-covid-19-24-03-20-al-tem-dez-casos-confirmados-para-covid-19/,
2020-03-25,AL,http://www.saude.al.gov.br/2020/03/25/boletim-covid-19-25-03-20-alagoas-tem-11-casos-confirmados/,
2020-03-26,AL,http://www.saude.al.gov.br/2020/03/26/boletim-covid-19-26-03-20-alagoas-permanece-com-11-casos-confirmados/,
2020-03-27,AL,http://www.saude.al.gov.br/2020/03/27/boletim-covid-19-27-03-20-alagoas-tem-12-casos-confirmados/,
2020-03-28,AL,http://www.saude.al.gov.br/2020/03/28/boletim-28-03-2020-alagoas-tem-14-casos-para-covid-19-confirmados/,Live diz que os 2 novos casos são em Maceió: https://www.facebook.com/GovernoAlagoas/videos/650445449121817/
2020-03-29,AL,http://www.saude.al.gov.br/2020/03/29/boletim-29-03-2020-alagoas-tem-17-casos-confirmados-para-covid-19/,
2020-03-30,AL,http://www.saude.al.gov.br/2020/03/30/boletim-30-03-2020-alagoas-permanece-com-17-casos-confirmados-para-covid-19/,
